date,city,temperature,humidity,precipitation
2024-01-01,New York,13.7,68.0,0.0
2024-01-02,New York,12.1,70.0,0.0
2024-01-03,New York,14.7,65.0,0.0
2024-01-04,New York,17.6,55.0,0.0
2024-01-05,New York,12.6,69.0,0.0
2024-01-06,New York,12.8,71.0,11.3
2024-01-07,New York,18.5,64.0,4.0
2024-01-08,New York,16.4,66.0,0.0
2024-01-09,New York,12.9,79.0,0.0
2024-01-10,New York,16.2,58.0,0.0
2024-01-11,New York,13.4,71.0,0.0
2024-01-12,New York,13.7,68.0,0.0
2024-01-13,New York,16.1,73.0,0.4
2024-01-14,New York,9.8,70.0,0.0
2024-01-15,New York,10.7,68.0,0.0
2024-01-16,New York,14.4,62.0,0.0
2024-01-17,New York,13.3,57.0,0.0
2024-01-18,New York,17.5,56.0,1.2
2024-01-19,New York,14.1,62.0,0.0
2024-01-20,New York,12.8,69.0,0.0
2024-01-21,New York,21.7,52.0,0.0
2024-01-22,New York,16.9,70.0,0.0
2024-01-23,New York,18.0,63.0,0.0
2024-01-24,New York,13.7,64.0,0.0
2024-01-25,New York,16.6,56.0,0.0
2024-01-26,New York,18.8,59.0,0.0
2024-01-27,New York,15.3,57.0,0.0
2024-01-28,New York,20.1,63.0,0.0
2024-01-29,New York,17.4,65.0,0.0
2024-01-30,New York,18.5,55.0,0.0
2024-01-31,New York,17.8,50.0,0.0
2024-02-01,New York,25.4,50.0,0.0
2024-02-02,New York,20.0,53.0,0.0
2024-02-03,New York,17.1,66.0,0.0
2024-02-04,New York,23.0,40.0,0.0
2024-02-05,New York,17.0,57.0,0.0
2024-02-06,New York,21.5,51.0,0.0
2024-02-07,New York,15.2,64.0,6.5
2024-02-08,New York,17.3,57.0,0.0
2024-02-09,New York,22.1,53.0,0.0
2024-02-10,New York,23.9,41.0,0.0
2024-02-11,New York,22.4,48.0,0.0
2024-02-12,New York,21.8,51.0,0.0
2024-02-13,New York,21.4,54.0,0.0
2024-02-14,New York,18.1,61.0,0.0
2024-02-15,New York,20.5,47.0,0.0
2024-02-16,New York,21.5,43.0,0.0
2024-02-17,New York,26.2,48.0,0.0
2024-02-18,New York,24.2,47.0,0.0
2024-02-19,New York,18.1,54.0,0.0
2024-02-20,New York,24.5,53.0,0.0
2024-02-21,New York,22.5,49.0,0.0
2024-02-22,New York,21.8,56.0,0.0
2024-02-23,New York,25.9,43.0,0.0
2024-02-24,New York,27.3,50.0,0.0
2024-02-25,New York,27.1,49.0,0.0
2024-02-26,New York,21.9,49.0,0.0
2024-02-27,New York,23.7,51.0,0.0
2024-02-28,New York,25.7,46.0,0.0
2024-02-29,New York,27.8,45.0,0.0
2024-03-01,New York,23.6,42.0,0.0
2024-03-02,New York,24.6,48.0,0.0
2024-03-03,New York,21.9,55.0,0.0
2024-03-04,New York,21.8,42.0,0.0
2024-03-05,New York,27.9,32.0,0.0
2024-03-06,New York,29.7,24.0,0.0
2024-03-07,New York,25.5,42.0,0.0
2024-03-08,New York,28.8,40.0,0.0
2024-03-09,New York,27.0,48.0,0.0
2024-03-10,New York,24.1,46.0,0.0
2024-03-11,New York,27.2,48.0,0.0
2024-03-12,New York,30.8,26.0,0.0
2024-03-13,New York,26.2,33.0,0.0
2024-03-14,New York,31.0,32.0,0.0
2024-03-15,New York,18.6,59.0,0.0
2024-03-16,New York,29.0,36.0,0.0
2024-03-17,New York,26.8,30.0,0.0
2024-03-18,New York,25.7,42.0,0.0
2024-03-19,New York,26.9,34.0,0.0
2024-03-20,New York,20.8,56.0,2.0
2024-03-21,New York,26.1,44.0,0.0
2024-03-22,New York,27.9,34.0,0.0
2024-03-23,New York,31.3,29.0,0.0
2024-03-24,New York,25.3,38.0,0.0
2024-03-25,New York,24.5,45.0,0.0
2024-03-26,New York,25.4,48.0,0.0
2024-03-27,New York,29.7,30.0,0.0
2024-03-28,New York,28.0,41.0,0.0
2024-03-29,New York,25.4,41.0,0.0
2024-03-30,New York,28.5,33.0,0.0
2024-03-31,New York,27.3,39.0,0.0
2024-04-01,New York,29.9,29.0,0.0
2024-04-02,New York,24.9,41.0,0.0
2024-04-03,New York,26.0,36.0,0.0
2024-04-04,New York,25.8,52.0,0.0
2024-04-05,New York,22.6,49.0,0.0
2024-04-06,New York,27.8,35.0,0.0
2024-04-07,New York,27.7,40.0,0.0
2024-04-08,New York,26.9,40.0,0.0
2024-04-09,New York,26.1,41.0,0.0
2024-04-10,New York,22.5,52.0,0.0
2024-04-11,New York,25.5,47.0,0.0
2024-04-12,New York,25.7,40.0,0.0
2024-04-13,New York,24.2,43.0,0.0
2024-04-14,New York,26.1,40.0,0.0
2024-04-15,New York,27.7,27.0,0.0
2024-04-16,New York,32.1,22.0,0.0
2024-04-17,New York,26.9,47.0,0.0
2024-04-18,New York,27.1,48.0,0.0
2024-04-19,New York,26.0,41.0,0.0
2024-04-20,New York,20.4,56.0,0.0
2024-04-21,New York,26.0,44.0,0.0
2024-04-22,New York,26.1,57.0,0.0
2024-04-23,New York,33.3,33.0,0.0
2024-04-24,New York,25.2,43.0,0.0
2024-04-25,New York,26.6,36.0,0.0
2024-04-26,New York,25.4,35.0,0.0
2024-04-27,New York,21.9,51.0,0.0
2024-04-28,New York,28.7,33.0,0.0
2024-04-29,New York,27.5,32.0,0.0
2024-04-30,New York,27.4,36.0,0.0
2024-05-01,New York,22.2,44.0,0.0
2024-05-02,New York,29.0,44.0,0.0
2024-05-03,New York,20.5,57.0,0.0
2024-05-04,New York,26.3,41.0,0.0
2024-05-05,New York,31.0,39.0,0.0
2024-05-06,New York,21.3,52.0,0.0
2024-05-07,New York,22.4,45.0,0.0
2024-05-08,New York,24.2,53.0,0.0
2024-05-09,New York,22.3,52.0,0.0
2024-05-10,New York,19.0,51.0,0.0
2024-05-11,New York,23.7,46.0,0.0
2024-05-12,New York,20.1,49.0,0.0
2024-05-13,New York,24.5,38.0,0.0
2024-05-14,New York,20.2,58.0,0.0
2024-05-15,New York,27.4,49.0,0.0
2024-05-16,New York,20.2,47.0,0.0
2024-05-17,New York,21.4,54.0,0.0
2024-05-18,New York,24.7,41.0,0.0
2024-05-19,New York,18.3,55.0,0.0
2024-05-20,New York,22.5,46.0,0.0
2024-05-21,New York,25.6,39.0,0.0
2024-05-22,New York,16.6,61.0,0.0
2024-05-23,New York,21.8,46.0,0.0
2024-05-24,New York,21.8,52.0,0.0
2024-05-25,New York,23.2,47.0,0.0
2024-05-26,New York,16.9,59.0,0.0
2024-05-27,New York,16.4,57.0,0.0
2024-05-28,New York,21.7,48.0,0.0
2024-05-29,New York,20.9,56.0,0.0
2024-05-30,New York,20.5,56.0,0.0
2024-05-31,New York,20.6,48.0,0.0
2024-06-01,New York,17.3,60.0,0.0
2024-06-02,New York,19.8,58.0,0.0
2024-06-03,New York,19.7,46.0,0.0
2024-06-04,New York,16.5,64.0,0.0
2024-06-05,New York,24.0,43.0,0.0
2024-06-06,New York,19.6,58.0,0.0
2024-06-07,New York,14.3,62.0,0.0
2024-06-08,New York,19.6,46.0,0.0
2024-06-09,New York,14.5,57.0,18.9
2024-06-10,New York,19.5,55.0,0.0
2024-06-11,New York,20.4,54.0,0.0
2024-06-12,New York,14.2,61.0,0.0
2024-06-13,New York,19.3,59.0,0.0
2024-06-14,New York,17.4,51.0,0.0
2024-06-15,New York,18.4,57.0,0.0
2024-06-16,New York,21.4,45.0,0.0
2024-06-17,New York,14.7,61.0,0.0
2024-06-18,New York,12.9,68.0,5.5
2024-06-19,New York,12.3,65.0,0.0
2024-06-20,New York,12.2,68.0,0.0
2024-06-21,New York,14.2,71.0,0.0
2024-06-22,New York,15.2,61.0,0.0
2024-06-23,New York,14.8,69.0,0.0
2024-06-24,New York,16.2,56.0,0.0
2024-06-25,New York,13.5,70.0,3.9
2024-06-26,New York,17.5,66.0,0.0
2024-06-27,New York,12.1,57.0,0.0
2024-06-28,New York,20.8,48.0,0.0
2024-06-29,New York,14.3,68.0,0.0
2024-06-30,New York,9.6,74.0,0.0
2024-07-01,New York,8.7,79.0,0.0
2024-07-02,New York,13.1,65.0,0.0
2024-07-03,New York,10.7,73.0,0.0
2024-07-04,New York,13.2,67.0,0.0
2024-07-05,New York,12.3,75.0,1.3
2024-07-06,New York,10.4,75.0,0.0
2024-07-07,New York,7.8,80.0,0.0
2024-07-08,New York,5.5,81.0,5.5
2024-07-09,New York,8.5,75.0,0.0
2024-07-10,New York,12.1,68.0,0.0
2024-07-11,New York,9.9,76.0,2.4
2024-07-12,New York,5.3,81.0,10.0
2024-07-13,New York,9.3,77.0,0.0
2024-07-14,New York,9.7,85.0,3.3
2024-07-15,New York,5.6,87.0,0.0
2024-07-16,New York,8.5,75.0,0.0
2024-07-17,New York,8.0,84.0,0.0
2024-07-18,New York,4.1,84.0,0.0
2024-07-19,New York,8.4,67.0,0.0
2024-07-20,New York,8.7,71.0,0.0
2024-07-21,New York,10.1,65.0,0.0
2024-07-22,New York,9.7,73.0,0.0
2024-07-23,New York,2.2,90.0,8.4
2024-07-24,New York,3.3,95.0,0.0
2024-07-25,New York,7.4,81.0,0.0
2024-07-26,New York,7.2,79.0,0.0
2024-07-27,New York,6.9,84.0,0.0
2024-07-28,New York,16.7,50.0,0.0
2024-07-29,New York,6.6,82.0,0.0
2024-07-30,New York,8.1,82.0,0.0
2024-07-31,New York,7.3,72.0,0.0
2024-08-01,New York,6.2,87.0,0.0
2024-08-02,New York,3.1,90.0,0.0
2024-08-03,New York,6.1,80.0,0.0
2024-08-04,New York,1.3,95.0,2.2
2024-08-05,New York,2.7,95.0,0.0
2024-08-06,New York,1.7,91.0,0.0
2024-08-07,New York,3.2,89.0,1.5
2024-08-08,New York,9.7,72.0,0.0
2024-08-09,New York,-3.0,95.0,1.8
2024-08-10,New York,4.4,89.0,8.1
2024-08-11,New York,-2.7,95.0,0.0
2024-08-12,New York,0.6,93.0,1.9
2024-08-13,New York,5.1,82.0,0.0
2024-08-14,New York,1.8,93.0,0.0
2024-08-15,New York,-1.8,95.0,0.0
2024-08-16,New York,-0.9,95.0,2.7
2024-08-17,New York,3.1,85.0,0.6
2024-08-18,New York,-1.3,95.0,0.0
2024-08-19,New York,1.4,86.0,0.0
2024-08-20,New York,0.7,90.0,0.0
2024-08-21,New York,-1.6,95.0,3.7
2024-08-22,New York,6.6,84.0,0.0
2024-08-23,New York,2.0,85.0,0.0
2024-08-24,New York,-6.2,95.0,0.0
2024-08-25,New York,0.3,95.0,1.5
2024-08-26,New York,-2.4,95.0,0.0
2024-08-27,New York,2.0,95.0,0.0
2024-08-28,New York,-3.1,95.0,0.0
2024-08-29,New York,-1.2,90.0,4.0
2024-08-30,New York,0.6,84.0,0.0
2024-08-31,New York,1.5,95.0,0.0
2024-09-01,New York,-4.8,95.0,15.1
2024-09-02,New York,-2.3,95.0,0.0
2024-09-03,New York,-2.9,95.0,0.0
2024-09-04,New York,-3.5,95.0,10.8
2024-09-05,New York,3.6,95.0,1.3
2024-09-06,New York,-0.5,95.0,0.0
2024-09-07,New York,-5.6,95.0,4.7
2024-09-08,New York,0.8,95.0,0.0
2024-09-09,New York,4.3,88.0,9.2
2024-09-10,New York,1.0,93.0,0.0
2024-09-11,New York,-6.8,95.0,2.2
2024-09-12,New York,-3.8,95.0,0.0
2024-09-13,New York,1.4,95.0,0.0
2024-09-14,New York,-4.6,95.0,0.0
2024-09-15,New York,-1.2,95.0,0.0
2024-09-16,New York,-0.3,92.0,2.8
2024-09-17,New York,-5.4,95.0,0.0
2024-09-18,New York,-2.9,95.0,0.5
2024-09-19,New York,-12.5,95.0,4.9
2024-09-20,New York,-5.9,95.0,3.0
2024-09-21,New York,-3.6,93.0,0.0
2024-09-22,New York,-6.6,95.0,0.0
2024-09-23,New York,2.0,89.0,0.0
2024-09-24,New York,-7.2,95.0,9.9
2024-09-25,New York,-4.3,95.0,1.2
2024-09-26,New York,-2.6,91.0,0.0
2024-09-27,New York,1.3,95.0,0.1
2024-09-28,New York,-7.3,95.0,0.0
2024-09-29,New York,0.5,87.0,4.7
2024-09-30,New York,-3.0,93.0,0.0
2024-10-01,New York,-5.9,95.0,0.0
2024-10-02,New York,-1.6,95.0,2.5
2024-10-03,New York,-2.4,95.0,4.5
2024-10-04,New York,-4.8,95.0,0.0
2024-10-05,New York,-2.7,95.0,0.0
2024-10-06,New York,-4.1,95.0,0.7
2024-10-07,New York,-2.5,86.0,0.0
2024-10-08,New York,-0.9,95.0,2.6
2024-10-09,New York,1.9,89.0,0.0
2024-10-10,New York,-6.5,95.0,0.0
2024-10-11,New York,3.7,95.0,5.9
2024-10-12,New York,-8.5,95.0,0.0
2024-10-13,New York,-3.1,95.0,0.7
2024-10-14,New York,-0.8,90.0,0.5
2024-10-15,New York,-1.6,95.0,0.0
2024-10-16,New York,-4.3,95.0,4.3
2024-10-17,New York,-3.0,95.0,0.0
2024-10-18,New York,-3.7,95.0,0.4
2024-10-19,New York,-4.0,95.0,0.4
2024-10-20,New York,0.5,92.0,11.2
2024-10-21,New York,-0.9,93.0,0.0
2024-10-22,New York,-4.0,95.0,2.0
2024-10-23,New York,0.9,92.0,0.0
2024-10-24,New York,-0.8,93.0,0.0
2024-10-25,New York,0.8,89.0,0.0
2024-10-26,New York,0.4,94.0,3.7
2024-10-27,New York,-3.9,95.0,0.0
2024-10-28,New York,-2.9,95.0,0.0
2024-10-29,New York,1.1,79.0,0.0
2024-10-30,New York,0.8,95.0,0.0
2024-10-31,New York,-0.9,95.0,0.0
2024-11-01,New York,-0.4,84.0,0.0
2024-11-02,New York,3.2,86.0,3.8
2024-11-03,New York,-2.2,95.0,2.0
2024-11-04,New York,1.3,84.0,0.0
2024-11-05,New York,-0.8,92.0,0.0
2024-11-06,New York,-0.7,90.0,0.0
2024-11-07,New York,3.4,95.0,0.0
2024-11-08,New York,2.8,93.0,4.1
2024-11-09,New York,2.9,95.0,6.6
2024-11-10,New York,4.5,89.0,0.0
2024-11-11,New York,0.9,87.0,0.0
2024-11-12,New York,3.0,85.0,4.1
2024-11-13,New York,0.2,95.0,0.0
2024-11-14,New York,2.3,83.0,1.0
2024-11-15,New York,1.1,95.0,0.0
2024-11-16,New York,2.0,89.0,1.1
2024-11-17,New York,3.7,85.0,0.0
2024-11-18,New York,-0.4,95.0,0.5
2024-11-19,New York,8.5,79.0,0.0
2024-11-20,New York,-0.5,93.0,7.1
2024-11-21,New York,-1.0,95.0,2.1
2024-11-22,New York,6.3,76.0,0.0
2024-11-23,New York,5.5,86.0,0.0
2024-11-24,New York,5.2,87.0,0.0
2024-11-25,New York,5.4,82.0,1.3
2024-11-26,New York,3.7,88.0,0.0
2024-11-27,New York,1.2,85.0,0.0
2024-11-28,New York,4.4,90.0,0.0
2024-11-29,New York,2.3,88.0,13.1
2024-11-30,New York,7.5,76.0,0.0
2024-12-01,New York,4.4,90.0,9.2
2024-12-02,New York,2.6,85.0,3.7
2024-12-03,New York,4.3,78.0,0.0
2024-12-04,New York,6.7,73.0,0.5
2024-12-05,New York,4.1,89.0,0.0
2024-12-06,New York,3.5,81.0,0.0
2024-12-07,New York,6.9,89.0,0.0
2024-12-08,New York,7.2,69.0,0.0
2024-12-09,New York,5.2,92.0,6.2
2024-12-10,New York,5.5,84.0,0.2
2024-12-11,New York,7.9,78.0,0.0
2024-12-12,New York,3.1,85.0,1.5
2024-12-13,New York,3.5,89.0,2.2
2024-12-14,New York,5.8,82.0,0.5
2024-12-15,New York,7.5,84.0,13.8
2024-12-16,New York,9.4,76.0,0.0
2024-12-17,New York,13.1,69.0,1.8
2024-12-18,New York,11.5,69.0,0.0
2024-12-19,New York,8.7,76.0,0.0
2024-12-20,New York,9.4,77.0,0.0
2024-12-21,New York,6.7,72.0,3.6
2024-12-22,New York,9.9,67.0,12.6
2024-12-23,New York,9.3,79.0,3.4
2024-12-24,New York,11.4,72.0,0.0
2024-12-25,New York,8.2,77.0,0.0
2024-12-26,New York,12.5,69.0,1.2
2024-12-27,New York,15.8,64.0,0.0
2024-12-28,New York,11.2,69.0,0.6
2024-12-29,New York,12.9,64.0,0.0
2024-12-30,New York,14.1,67.0,0.0
2024-12-31,New York,11.1,67.0,0.0
2024-01-01,Los Angeles,18.9,75.0,12.7
2024-01-02,Los Angeles,19.2,67.0,0.0
2024-01-03,Los Angeles,16.4,68.0,0.0
2024-01-04,Los Angeles,21.5,60.0,0.0
2024-01-05,Los Angeles,18.2,74.0,0.0
2024-01-06,Los Angeles,16.6,76.0,0.0
2024-01-07,Los Angeles,20.6,64.0,0.0
2024-01-08,Los Angeles,16.4,71.0,0.0
2024-01-09,Los Angeles,19.3,65.0,0.0
2024-01-10,Los Angeles,19.3,63.0,0.0
2024-01-11,Los Angeles,22.8,69.0,0.0
2024-01-12,Los Angeles,21.1,62.0,0.0
2024-01-13,Los Angeles,19.7,73.0,0.0
2024-01-14,Los Angeles,22.4,69.0,4.1
2024-01-15,Los Angeles,24.2,63.0,0.0
2024-01-16,Los Angeles,21.8,60.0,0.0
2024-01-17,Los Angeles,20.3,67.0,2.4
2024-01-18,Los Angeles,16.5,73.0,0.0
2024-01-19,Los Angeles,17.4,67.0,7.7
2024-01-20,Los Angeles,19.8,68.0,0.0
2024-01-21,Los Angeles,19.0,62.0,0.0
2024-01-22,Los Angeles,20.4,71.0,0.1
2024-01-23,Los Angeles,21.3,61.0,0.0
2024-01-24,Los Angeles,22.8,61.0,0.1
2024-01-25,Los Angeles,21.1,65.0,0.0
2024-01-26,Los Angeles,22.9,59.0,0.0
2024-01-27,Los Angeles,21.8,65.0,0.0
2024-01-28,Los Angeles,15.8,72.0,1.3
2024-01-29,Los Angeles,19.0,72.0,0.0
2024-01-30,Los Angeles,21.5,56.0,0.0
2024-01-31,Los Angeles,18.4,70.0,0.0
2024-02-01,Los Angeles,24.0,68.0,0.0
2024-02-02,Los Angeles,26.9,47.0,0.0
2024-02-03,Los Angeles,26.1,50.0,0.0
2024-02-04,Los Angeles,21.9,65.0,0.0
2024-02-05,Los Angeles,27.1,53.0,0.0
2024-02-06,Los Angeles,23.2,61.0,0.0
2024-02-07,Los Angeles,21.9,65.0,0.0
2024-02-08,Los Angeles,21.1,67.0,4.0
2024-02-09,Los Angeles,22.2,67.0,0.0
2024-02-10,Los Angeles,22.0,64.0,0.0
2024-02-11,Los Angeles,23.8,57.0,0.0
2024-02-12,Los Angeles,23.9,62.0,0.0
2024-02-13,Los Angeles,23.5,68.0,0.0
2024-02-14,Los Angeles,24.9,56.0,1.7
2024-02-15,Los Angeles,27.3,47.0,0.0
2024-02-16,Los Angeles,26.6,58.0,0.0
2024-02-17,Los Angeles,19.4,67.0,0.0
2024-02-18,Los Angeles,16.3,63.0,0.0
2024-02-19,Los Angeles,26.9,56.0,0.0
2024-02-20,Los Angeles,20.1,63.0,0.0
2024-02-21,Los Angeles,23.6,58.0,0.0
2024-02-22,Los Angeles,20.8,66.0,0.0
2024-02-23,Los Angeles,19.0,69.0,0.1
2024-02-24,Los Angeles,26.1,57.0,0.0
2024-02-25,Los Angeles,26.8,50.0,0.0
2024-02-26,Los Angeles,22.9,63.0,4.0
2024-02-27,Los Angeles,17.0,71.0,0.0
2024-02-28,Los Angeles,23.2,63.0,0.0
2024-02-29,Los Angeles,26.0,57.0,0.0
2024-03-01,Los Angeles,20.5,60.0,0.0
2024-03-02,Los Angeles,25.6,60.0,0.0
2024-03-03,Los Angeles,25.0,53.0,0.0
2024-03-04,Los Angeles,26.9,56.0,0.0
2024-03-05,Los Angeles,25.6,57.0,0.0
2024-03-06,Los Angeles,22.3,71.0,7.7
2024-03-07,Los Angeles,28.9,47.0,0.0
2024-03-08,Los Angeles,24.9,54.0,0.0
2024-03-09,Los Angeles,25.3,55.0,0.0
2024-03-10,Los Angeles,22.7,59.0,0.0
2024-03-11,Los Angeles,24.2,62.0,0.0
2024-03-12,Los Angeles,22.9,52.0,0.0
2024-03-13,Los Angeles,25.1,51.0,0.0
2024-03-14,Los Angeles,30.8,39.0,0.0
2024-03-15,Los Angeles,21.6,68.0,0.0
2024-03-16,Los Angeles,20.9,73.0,0.0
2024-03-17,Los Angeles,30.2,45.0,0.0
2024-03-18,Los Angeles,25.2,55.0,0.0
2024-03-19,Los Angeles,23.8,59.0,0.0
2024-03-20,Los Angeles,29.0,54.0,0.0
2024-03-21,Los Angeles,24.1,53.0,0.0
2024-03-22,Los Angeles,31.4,44.0,0.0
2024-03-23,Los Angeles,28.0,55.0,0.0
2024-03-24,Los Angeles,24.5,60.0,0.0
2024-03-25,Los Angeles,32.4,42.0,0.0
2024-03-26,Los Angeles,24.2,63.0,0.0
2024-03-27,Los Angeles,28.2,36.0,0.0
2024-03-28,Los Angeles,26.9,56.0,0.0
2024-03-29,Los Angeles,29.9,43.0,0.0
2024-03-30,Los Angeles,30.7,35.0,0.0
2024-03-31,Los Angeles,26.1,56.0,0.0
2024-04-01,Los Angeles,23.7,65.0,0.0
2024-04-02,Los Angeles,27.4,51.0,0.0
2024-04-03,Los Angeles,24.0,63.0,0.0
2024-04-04,Los Angeles,32.0,50.0,0.0
2024-04-05,Los Angeles,26.4,60.0,0.0
2024-04-06,Los Angeles,24.9,64.0,0.0
2024-04-07,Los Angeles,26.5,57.0,3.3
2024-04-08,Los Angeles,21.9,63.0,1.6
2024-04-09,Los Angeles,23.0,52.0,0.0
2024-04-10,Los Angeles,29.5,46.0,0.0
2024-04-11,Los Angeles,23.9,54.0,0.0
2024-04-12,Los Angeles,22.7,71.0,0.0
2024-04-13,Los Angeles,27.4,50.0,0.0
2024-04-14,Los Angeles,29.3,48.0,0.0
2024-04-15,Los Angeles,27.9,53.0,0.0
2024-04-16,Los Angeles,28.7,49.0,0.0
2024-04-17,Los Angeles,23.4,68.0,0.0
2024-04-18,Los Angeles,21.4,60.0,0.0
2024-04-19,Los Angeles,30.1,47.0,0.0
2024-04-20,Los Angeles,24.6,53.0,0.0
2024-04-21,Los Angeles,24.7,50.0,0.0
2024-04-22,Los Angeles,29.4,44.0,0.0
2024-04-23,Los Angeles,27.1,52.0,0.0
2024-04-24,Los Angeles,26.7,50.0,0.0
2024-04-25,Los Angeles,31.8,39.0,0.0
2024-04-26,Los Angeles,23.3,52.0,0.0
2024-04-27,Los Angeles,28.0,50.0,0.0
2024-04-28,Los Angeles,25.3,48.0,0.0
2024-04-29,Los Angeles,25.8,58.0,0.0
2024-04-30,Los Angeles,29.6,47.0,0.0
2024-05-01,Los Angeles,26.4,46.0,0.0
2024-05-02,Los Angeles,26.4,52.0,0.0
2024-05-03,Los Angeles,28.0,46.0,0.0
2024-05-04,Los Angeles,23.6,60.0,0.0
2024-05-05,Los Angeles,22.1,69.0,0.0
2024-05-06,Los Angeles,21.4,54.0,6.7
2024-05-07,Los Angeles,18.6,69.0,0.0
2024-05-08,Los Angeles,30.5,44.0,0.0
2024-05-09,Los Angeles,21.0,67.0,0.0
2024-05-10,Los Angeles,23.5,60.0,0.0
2024-05-11,Los Angeles,23.3,56.0,5.7
2024-05-12,Los Angeles,24.9,55.0,0.0
2024-05-13,Los Angeles,26.4,49.0,0.0
2024-05-14,Los Angeles,26.4,59.0,0.0
2024-05-15,Los Angeles,22.0,62.0,0.0
2024-05-16,Los Angeles,23.1,69.0,0.0
2024-05-17,Los Angeles,24.4,57.0,0.0
2024-05-18,Los Angeles,22.7,57.0,2.5
2024-05-19,Los Angeles,28.2,42.0,0.0
2024-05-20,Los Angeles,24.7,48.0,0.0
2024-05-21,Los Angeles,25.3,47.0,0.0
2024-05-22,Los Angeles,25.0,57.0,0.0
2024-05-23,Los Angeles,26.4,56.0,0.0
2024-05-24,Los Angeles,23.4,51.0,0.0
2024-05-25,Los Angeles,18.8,73.0,0.0
2024-05-26,Los Angeles,23.8,56.0,0.0
2024-05-27,Los Angeles,20.5,66.0,0.0
2024-05-28,Los Angeles,20.8,73.0,0.0
2024-05-29,Los Angeles,24.0,62.0,0.0
2024-05-30,Los Angeles,25.8,53.0,0.0
2024-05-31,Los Angeles,22.1,57.0,0.0
2024-06-01,Los Angeles,22.8,50.0,0.0
2024-06-02,Los Angeles,26.9,49.0,0.0
2024-06-03,Los Angeles,22.4,60.0,0.0
2024-06-04,Los Angeles,29.3,42.0,0.0
2024-06-05,Los Angeles,23.1,59.0,0.0
2024-06-06,Los Angeles,16.0,74.0,0.0
2024-06-07,Los Angeles,23.4,58.0,0.0
2024-06-08,Los Angeles,22.2,58.0,0.0
2024-06-09,Los Angeles,24.8,57.0,0.0
2024-06-10,Los Angeles,22.8,63.0,0.0
2024-06-11,Los Angeles,20.2,60.0,0.0
2024-06-12,Los Angeles,16.8,79.0,0.0
2024-06-13,Los Angeles,19.7,66.0,0.0
2024-06-14,Los Angeles,17.7,71.0,0.0
2024-06-15,Los Angeles,18.4,73.0,0.0
2024-06-16,Los Angeles,21.7,64.0,0.0
2024-06-17,Los Angeles,24.9,61.0,0.0
2024-06-18,Los Angeles,20.9,66.0,0.0
2024-06-19,Los Angeles,16.0,71.0,0.0
2024-06-20,Los Angeles,20.8,66.0,4.7
2024-06-21,Los Angeles,22.9,54.0,0.0
2024-06-22,Los Angeles,17.3,72.0,0.4
2024-06-23,Los Angeles,18.6,69.0,0.0
2024-06-24,Los Angeles,18.9,67.0,0.0
2024-06-25,Los Angeles,16.4,73.0,8.2
2024-06-26,Los Angeles,20.6,55.0,0.0
2024-06-27,Los Angeles,18.1,67.0,0.0
2024-06-28,Los Angeles,19.6,67.0,0.0
2024-06-29,Los Angeles,15.5,76.0,0.0
2024-06-30,Los Angeles,16.8,67.0,0.0
2024-07-01,Los Angeles,20.1,72.0,6.8
2024-07-02,Los Angeles,16.7,68.0,0.0
2024-07-03,Los Angeles,22.8,65.0,0.0
2024-07-04,Los Angeles,16.3,75.0,0.0
2024-07-05,Los Angeles,18.1,67.0,0.0
2024-07-06,Los Angeles,20.0,75.0,0.0
2024-07-07,Los Angeles,12.9,74.0,4.4
2024-07-08,Los Angeles,11.7,87.0,3.9
2024-07-09,Los Angeles,12.3,86.0,0.0
2024-07-10,Los Angeles,20.5,62.0,0.0
2024-07-11,Los Angeles,14.9,83.0,11.3
2024-07-12,Los Angeles,24.1,57.0,0.0
2024-07-13,Los Angeles,14.6,78.0,0.0
2024-07-14,Los Angeles,16.7,74.0,0.0
2024-07-15,Los Angeles,20.7,64.0,0.0
2024-07-16,Los Angeles,21.9,66.0,0.0
2024-07-17,Los Angeles,21.9,66.0,0.0
2024-07-18,Los Angeles,19.3,59.0,0.0
2024-07-19,Los Angeles,18.6,75.0,0.0
2024-07-20,Los Angeles,17.1,63.0,0.0
2024-07-21,Los Angeles,17.6,76.0,0.0
2024-07-22,Los Angeles,13.5,85.0,0.0
2024-07-23,Los Angeles,12.5,75.0,0.0
2024-07-24,Los Angeles,14.8,74.0,0.0
2024-07-25,Los Angeles,14.2,72.0,0.0
2024-07-26,Los Angeles,13.2,78.0,0.0
2024-07-27,Los Angeles,16.6,71.0,1.8
2024-07-28,Los Angeles,17.2,75.0,0.0
2024-07-29,Los Angeles,14.5,84.0,0.0
2024-07-30,Los Angeles,18.5,76.0,3.4
2024-07-31,Los Angeles,10.6,82.0,0.0
2024-08-01,Los Angeles,13.3,78.0,0.0
2024-08-02,Los Angeles,11.6,74.0,0.0
2024-08-03,Los Angeles,8.0,86.0,0.0
2024-08-04,Los Angeles,13.3,84.0,0.0
2024-08-05,Los Angeles,13.0,88.0,0.0
2024-08-06,Los Angeles,17.8,64.0,0.0
2024-08-07,Los Angeles,15.1,73.0,0.9
2024-08-08,Los Angeles,10.0,86.0,0.0
2024-08-09,Los Angeles,18.5,70.0,0.0
2024-08-10,Los Angeles,16.5,69.0,0.0
2024-08-11,Los Angeles,14.5,79.0,0.0
2024-08-12,Los Angeles,12.0,80.0,0.0
2024-08-13,Los Angeles,9.7,87.0,5.8
2024-08-14,Los Angeles,11.3,86.0,0.0
2024-08-15,Los Angeles,15.6,75.0,0.0
2024-08-16,Los Angeles,17.9,68.0,0.0
2024-08-17,Los Angeles,16.8,72.0,1.4
2024-08-18,Los Angeles,10.6,84.0,3.6
2024-08-19,Los Angeles,8.6,87.0,3.8
2024-08-20,Los Angeles,12.3,80.0,0.0
2024-08-21,Los Angeles,6.5,95.0,2.2
2024-08-22,Los Angeles,12.7,83.0,0.0
2024-08-23,Los Angeles,11.2,82.0,7.8
2024-08-24,Los Angeles,10.2,89.0,1.8
2024-08-25,Los Angeles,6.7,91.0,0.0
2024-08-26,Los Angeles,12.9,86.0,0.0
2024-08-27,Los Angeles,9.7,88.0,2.0
2024-08-28,Los Angeles,7.7,90.0,0.0
2024-08-29,Los Angeles,2.5,95.0,3.5
2024-08-30,Los Angeles,11.0,76.0,0.0
2024-08-31,Los Angeles,16.3,68.0,0.0
2024-09-01,Los Angeles,15.9,68.0,0.5
2024-09-02,Los Angeles,9.5,88.0,2.5
2024-09-03,Los Angeles,9.0,95.0,4.0
2024-09-04,Los Angeles,12.2,93.0,0.0
2024-09-05,Los Angeles,7.7,94.0,0.0
2024-09-06,Los Angeles,11.6,85.0,9.8
2024-09-07,Los Angeles,12.9,71.0,0.0
2024-09-08,Los Angeles,14.2,75.0,0.0
2024-09-09,Los Angeles,10.2,82.0,0.0
2024-09-10,Los Angeles,9.8,83.0,0.0
2024-09-11,Los Angeles,7.8,90.0,0.0
2024-09-12,Los Angeles,7.9,88.0,0.0
2024-09-13,Los Angeles,9.7,77.0,0.0
2024-09-14,Los Angeles,11.4,87.0,5.6
2024-09-15,Los Angeles,13.0,75.0,0.0
2024-09-16,Los Angeles,7.8,92.0,5.9
2024-09-17,Los Angeles,14.7,87.0,0.0
2024-09-18,Los Angeles,9.3,83.0,0.0
2024-09-19,Los Angeles,10.1,73.0,0.0
2024-09-20,Los Angeles,7.9,89.0,0.0
2024-09-21,Los Angeles,2.8,95.0,6.3
2024-09-22,Los Angeles,12.7,90.0,0.0
2024-09-23,Los Angeles,12.3,75.0,3.6
2024-09-24,Los Angeles,9.2,90.0,0.0
2024-09-25,Los Angeles,10.2,83.0,0.4
2024-09-26,Los Angeles,11.6,82.0,0.1
2024-09-27,Los Angeles,5.3,95.0,0.9
2024-09-28,Los Angeles,8.4,82.0,11.1
2024-09-29,Los Angeles,12.4,83.0,0.0
2024-09-30,Los Angeles,6.2,95.0,2.2
2024-10-01,Los Angeles,10.9,90.0,0.0
2024-10-02,Los Angeles,5.9,95.0,0.0
2024-10-03,Los Angeles,11.4,85.0,0.0
2024-10-04,Los Angeles,9.9,84.0,0.0
2024-10-05,Los Angeles,5.2,95.0,0.0
2024-10-06,Los Angeles,13.5,77.0,0.0
2024-10-07,Los Angeles,7.9,93.0,2.5
2024-10-08,Los Angeles,7.6,89.0,1.3
2024-10-09,Los Angeles,10.7,86.0,0.0
2024-10-10,Los Angeles,13.6,79.0,0.0
2024-10-11,Los Angeles,7.1,95.0,0.0
2024-10-12,Los Angeles,10.4,85.0,0.0
2024-10-13,Los Angeles,11.5,74.0,0.0
2024-10-14,Los Angeles,12.3,88.0,0.0
2024-10-15,Los Angeles,10.8,80.0,0.0
2024-10-16,Los Angeles,9.2,84.0,6.0
2024-10-17,Los Angeles,7.9,87.0,0.0
2024-10-18,Los Angeles,10.6,92.0,0.9
2024-10-19,Los Angeles,7.2,81.0,0.0
2024-10-20,Los Angeles,1.7,95.0,0.0
2024-10-21,Los Angeles,11.8,88.0,10.2
2024-10-22,Los Angeles,13.3,81.0,5.0
2024-10-23,Los Angeles,3.5,95.0,3.8
2024-10-24,Los Angeles,7.7,92.0,0.0
2024-10-25,Los Angeles,12.6,83.0,0.0
2024-10-26,Los Angeles,17.0,75.0,0.0
2024-10-27,Los Angeles,10.9,87.0,0.0
2024-10-28,Los Angeles,8.7,89.0,0.0
2024-10-29,Los Angeles,10.4,84.0,5.9
2024-10-30,Los Angeles,15.2,75.0,0.0
2024-10-31,Los Angeles,9.2,87.0,0.0
2024-11-01,Los Angeles,8.8,94.0,0.0
2024-11-02,Los Angeles,9.8,89.0,1.1
2024-11-03,Los Angeles,8.5,74.0,0.0
2024-11-04,Los Angeles,11.8,86.0,0.0
2024-11-05,Los Angeles,16.4,74.0,0.0
2024-11-06,Los Angeles,12.6,81.0,0.0
2024-11-07,Los Angeles,10.9,82.0,0.4
2024-11-08,Los Angeles,10.9,90.0,3.2
2024-11-09,Los Angeles,7.2,95.0,0.0
2024-11-10,Los Angeles,14.6,73.0,5.0
2024-11-11,Los Angeles,11.8,84.0,0.0
2024-11-12,Los Angeles,11.6,78.0,0.0
2024-11-13,Los Angeles,21.8,56.0,0.1
2024-11-14,Los Angeles,13.2,76.0,0.0
2024-11-15,Los Angeles,10.1,90.0,3.8
2024-11-16,Los Angeles,11.2,88.0,9.0
2024-11-17,Los Angeles,16.0,76.0,0.0
2024-11-18,Los Angeles,13.0,84.0,9.3
2024-11-19,Los Angeles,8.5,92.0,3.3
2024-11-20,Los Angeles,15.7,71.0,0.0
2024-11-21,Los Angeles,11.0,86.0,0.0
2024-11-22,Los Angeles,18.8,72.0,3.0
2024-11-23,Los Angeles,16.5,77.0,0.0
2024-11-24,Los Angeles,12.0,88.0,0.0
2024-11-25,Los Angeles,17.3,75.0,0.0
2024-11-26,Los Angeles,13.8,80.0,0.0
2024-11-27,Los Angeles,16.3,79.0,0.0
2024-11-28,Los Angeles,15.3,75.0,0.0
2024-11-29,Los Angeles,11.4,79.0,0.0
2024-11-30,Los Angeles,12.1,81.0,0.0
2024-12-01,Los Angeles,17.3,68.0,0.0
2024-12-02,Los Angeles,13.3,76.0,0.0
2024-12-03,Los Angeles,13.2,79.0,0.0
2024-12-04,Los Angeles,11.7,79.0,0.0
2024-12-05,Los Angeles,15.9,73.0,0.0
2024-12-06,Los Angeles,21.0,55.0,0.0
2024-12-07,Los Angeles,11.7,84.0,0.0
2024-12-08,Los Angeles,15.1,76.0,0.0
2024-12-09,Los Angeles,19.4,63.0,0.0
2024-12-10,Los Angeles,15.1,79.0,2.4
2024-12-11,Los Angeles,16.8,77.0,0.0
2024-12-12,Los Angeles,12.4,73.0,0.0
2024-12-13,Los Angeles,17.0,68.0,29.4
2024-12-14,Los Angeles,15.3,72.0,0.0
2024-12-15,Los Angeles,18.9,63.0,0.0
2024-12-16,Los Angeles,19.7,71.0,0.0
2024-12-17,Los Angeles,24.0,57.0,2.2
2024-12-18,Los Angeles,18.1,68.0,0.0
2024-12-19,Los Angeles,17.5,61.0,0.0
2024-12-20,Los Angeles,17.2,75.0,0.0
2024-12-21,Los Angeles,15.7,68.0,0.0
2024-12-22,Los Angeles,17.9,70.0,0.0
2024-12-23,Los Angeles,16.2,75.0,5.3
2024-12-24,Los Angeles,17.7,77.0,0.0
2024-12-25,Los Angeles,21.3,57.0,0.0
2024-12-26,Los Angeles,14.4,62.0,0.0
2024-12-27,Los Angeles,21.0,65.0,0.0
2024-12-28,Los Angeles,21.7,72.0,0.0
2024-12-29,Los Angeles,17.5,77.0,0.0
2024-12-30,Los Angeles,11.6,84.0,0.0
2024-12-31,Los Angeles,16.3,71.0,0.0
2024-01-01,Chicago,8.1,77.0,0.0
2024-01-02,Chicago,10.9,70.0,0.0
2024-01-03,Chicago,12.3,57.0,0.0
2024-01-04,Chicago,15.6,54.0,0.0
2024-01-05,Chicago,13.7,62.0,0.0
2024-01-06,Chicago,14.2,62.0,0.0
2024-01-07,Chicago,12.4,60.0,0.0
2024-01-08,Chicago,16.7,69.0,10.4
2024-01-09,Chicago,14.0,70.0,0.0
2024-01-10,Chicago,10.5,72.0,0.0
2024-01-11,Chicago,17.6,55.0,0.0
2024-01-12,Chicago,15.8,57.0,0.0
2024-01-13,Chicago,12.7,60.0,0.0
2024-01-14,Chicago,12.9,65.0,0.0
2024-01-15,Chicago,15.5,60.0,0.0
2024-01-16,Chicago,16.3,51.0,0.0
2024-01-17,Chicago,15.8,60.0,0.0
2024-01-18,Chicago,16.4,56.0,0.0
2024-01-19,Chicago,20.9,39.0,0.0
2024-01-20,Chicago,19.3,47.0,0.0
2024-01-21,Chicago,16.9,54.0,0.0
2024-01-22,Chicago,19.5,60.0,0.0
2024-01-23,Chicago,13.8,65.0,0.0
2024-01-24,Chicago,18.4,46.0,0.0
2024-01-25,Chicago,22.9,47.0,0.0
2024-01-26,Chicago,17.1,48.0,0.0
2024-01-27,Chicago,15.5,64.0,0.0
2024-01-28,Chicago,16.4,55.0,0.0
2024-01-29,Chicago,15.3,59.0,0.0
2024-01-30,Chicago,16.5,64.0,0.0
2024-01-31,Chicago,18.0,47.0,0.0
2024-02-01,Chicago,15.2,53.0,0.0
2024-02-02,Chicago,19.7,48.0,0.0
2024-02-03,Chicago,22.7,50.0,0.0
2024-02-04,Chicago,17.5,47.0,0.0
2024-02-05,Chicago,25.0,26.0,0.0
2024-02-06,Chicago,22.2,43.0,0.0
2024-02-07,Chicago,24.0,45.0,0.0
2024-02-08,Chicago,19.2,58.0,0.0
2024-02-09,Chicago,24.0,40.0,0.0
2024-02-10,Chicago,18.4,51.0,0.0
2024-02-11,Chicago,24.6,47.0,0.0
2024-02-12,Chicago,22.7,35.0,0.0
2024-02-13,Chicago,24.0,40.0,0.0
2024-02-14,Chicago,19.1,53.0,0.0
2024-02-15,Chicago,20.1,52.0,0.0
2024-02-16,Chicago,24.8,38.0,0.0
2024-02-17,Chicago,20.4,49.0,0.0
2024-02-18,Chicago,24.8,28.0,0.0
2024-02-19,Chicago,19.5,48.0,0.0
2024-02-20,Chicago,26.4,39.0,0.0
2024-02-21,Chicago,20.3,44.0,0.0
2024-02-22,Chicago,25.9,39.0,0.0
2024-02-23,Chicago,26.3,40.0,0.0
2024-02-24,Chicago,22.5,43.0,0.0
2024-02-25,Chicago,26.5,38.0,0.0
2024-02-26,Chicago,25.7,34.0,0.0
2024-02-27,Chicago,23.5,42.0,0.0
2024-02-28,Chicago,22.3,49.0,0.0
2024-02-29,Chicago,19.6,52.0,0.0
2024-03-01,Chicago,26.7,34.0,0.0
2024-03-02,Chicago,21.1,49.0,0.0
2024-03-03,Chicago,26.2,41.0,0.0
2024-03-04,Chicago,25.3,29.0,0.0
2024-03-05,Chicago,28.2,39.0,0.0
2024-03-06,Chicago,25.4,37.0,0.0
2024-03-07,Chicago,25.5,41.0,0.0
2024-03-08,Chicago,28.8,38.0,0.0
2024-03-09,Chicago,27.7,28.0,0.0
2024-03-10,Chicago,27.8,31.0,0.0
2024-03-11,Chicago,28.3,32.0,0.0
2024-03-12,Chicago,22.4,41.0,0.0
2024-03-13,Chicago,29.4,40.0,0.0
2024-03-14,Chicago,29.0,28.0,0.0
2024-03-15,Chicago,24.3,39.0,0.0
2024-03-16,Chicago,26.7,38.0,0.0
2024-03-17,Chicago,27.3,29.0,0.0
2024-03-18,Chicago,27.1,34.0,0.0
2024-03-19,Chicago,28.6,34.0,0.0
2024-03-20,Chicago,32.0,24.0,0.0
2024-03-21,Chicago,31.0,28.0,0.0
2024-03-22,Chicago,23.8,40.0,0.0
2024-03-23,Chicago,29.7,23.0,0.0
2024-03-24,Chicago,31.8,28.0,0.0
2024-03-25,Chicago,29.1,41.0,0.0
2024-03-26,Chicago,31.2,28.0,0.0
2024-03-27,Chicago,34.0,23.0,0.0
2024-03-28,Chicago,31.0,31.0,0.0
2024-03-29,Chicago,28.7,26.0,0.0
2024-03-30,Chicago,31.1,36.0,0.0
2024-03-31,Chicago,28.4,34.0,0.0
2024-04-01,Chicago,28.1,42.0,0.0
2024-04-02,Chicago,26.9,32.0,0.0
2024-04-03,Chicago,32.7,34.0,0.0
2024-04-04,Chicago,25.5,43.0,0.0
2024-04-05,Chicago,32.5,28.0,0.0
2024-04-06,Chicago,29.4,32.0,0.0
2024-04-07,Chicago,23.7,41.0,0.0
2024-04-08,Chicago,28.9,38.0,0.0
2024-04-09,Chicago,21.5,48.0,0.0
2024-04-10,Chicago,29.6,21.0,0.0
2024-04-11,Chicago,30.3,24.0,0.0
2024-04-12,Chicago,25.9,37.0,0.0
2024-04-13,Chicago,27.9,36.0,0.0
2024-04-14,Chicago,33.4,23.0,0.0
2024-04-15,Chicago,25.9,44.0,0.0
2024-04-16,Chicago,24.2,32.0,0.0
2024-04-17,Chicago,31.7,27.0,0.0
2024-04-18,Chicago,33.1,20.0,0.0
2024-04-19,Chicago,27.1,40.0,0.0
2024-04-20,Chicago,30.0,30.0,0.0
2024-04-21,Chicago,30.9,30.0,0.0
2024-04-22,Chicago,24.5,37.0,0.0
2024-04-23,Chicago,25.2,46.0,0.0
2024-04-24,Chicago,30.2,35.0,0.0
2024-04-25,Chicago,31.4,30.0,0.0
2024-04-26,Chicago,27.9,33.0,0.0
2024-04-27,Chicago,23.5,46.0,0.0
2024-04-28,Chicago,31.9,23.0,0.0
2024-04-29,Chicago,24.2,46.0,0.0
2024-04-30,Chicago,24.7,49.0,0.0
2024-05-01,Chicago,26.6,42.0,0.0
2024-05-02,Chicago,30.0,26.0,0.0
2024-05-03,Chicago,27.8,36.0,0.0
2024-05-04,Chicago,26.3,31.0,0.0
2024-05-05,Chicago,26.3,40.0,0.0
2024-05-06,Chicago,24.8,43.0,0.0
2024-05-07,Chicago,26.2,28.0,0.0
2024-05-08,Chicago,16.7,51.0,0.0
2024-05-09,Chicago,23.3,42.0,0.0
2024-05-10,Chicago,24.7,39.0,0.0
2024-05-11,Chicago,20.3,43.0,0.0
2024-05-12,Chicago,24.7,43.0,0.0
2024-05-13,Chicago,22.7,46.0,0.0
2024-05-14,Chicago,28.4,32.0,0.0
2024-05-15,Chicago,27.6,31.0,0.0
2024-05-16,Chicago,21.3,53.0,0.0
2024-05-17,Chicago,22.0,54.0,0.0
2024-05-18,Chicago,22.0,44.0,0.0
2024-05-19,Chicago,20.7,46.0,0.0
2024-05-20,Chicago,22.4,48.0,0.0
2024-05-21,Chicago,19.3,50.0,0.0
2024-05-22,Chicago,17.9,53.0,0.0
2024-05-23,Chicago,22.9,48.0,0.0
2024-05-24,Chicago,22.7,35.0,0.0
2024-05-25,Chicago,18.2,60.0,10.1
2024-05-26,Chicago,23.0,44.0,0.0
2024-05-27,Chicago,18.2,52.0,0.0
2024-05-28,Chicago,20.6,48.0,0.0
2024-05-29,Chicago,22.0,46.0,0.0
2024-05-30,Chicago,19.2,43.0,0.0
2024-05-31,Chicago,20.4,57.0,0.0
2024-06-01,Chicago,17.2,56.0,0.0
2024-06-02,Chicago,17.9,56.0,0.0
2024-06-03,Chicago,17.6,60.0,0.0
2024-06-04,Chicago,15.7,54.0,0.0
2024-06-05,Chicago,17.1,58.0,0.0
2024-06-06,Chicago,12.7,63.0,0.0
2024-06-07,Chicago,15.6,63.0,0.0
2024-06-08,Chicago,15.9,47.0,0.0
2024-06-09,Chicago,15.7,58.0,0.0
2024-06-10,Chicago,15.5,56.0,0.0
2024-06-11,Chicago,15.7,61.0,0.0
2024-06-12,Chicago,17.1,58.0,0.0
2024-06-13,Chicago,18.0,51.0,0.0
2024-06-14,Chicago,13.1,60.0,0.0
2024-06-15,Chicago,11.1,67.0,0.0
2024-06-16,Chicago,11.3,63.0,1.8
2024-06-17,Chicago,12.7,69.0,0.0
2024-06-18,Chicago,12.8,63.0,0.0
2024-06-19,Chicago,11.2,53.0,0.0
2024-06-20,Chicago,9.3,69.0,0.0
2024-06-21,Chicago,11.6,62.0,0.0
2024-06-22,Chicago,13.2,56.0,1.7
2024-06-23,Chicago,14.1,56.0,0.0
2024-06-24,Chicago,10.3,70.0,2.4
2024-06-25,Chicago,10.5,76.0,10.4
2024-06-26,Chicago,8.6,74.0,0.0
2024-06-27,Chicago,11.0,65.0,0.0
2024-06-28,Chicago,8.2,76.0,0.0
2024-06-29,Chicago,12.2,63.0,0.0
2024-06-30,Chicago,4.8,77.0,0.0
2024-07-01,Chicago,8.8,67.0,0.0
2024-07-02,Chicago,10.4,60.0,1.8
2024-07-03,Chicago,9.8,68.0,1.8
2024-07-04,Chicago,17.0,57.0,0.0
2024-07-05,Chicago,9.7,70.0,0.0
2024-07-06,Chicago,5.3,77.0,0.0
2024-07-07,Chicago,7.7,70.0,0.0
2024-07-08,Chicago,2.4,88.0,0.0
2024-07-09,Chicago,7.1,69.0,0.7
2024-07-10,Chicago,4.6,85.0,0.4
2024-07-11,Chicago,9.5,66.0,0.0
2024-07-12,Chicago,4.8,77.0,0.0
2024-07-13,Chicago,5.8,71.0,0.0
2024-07-14,Chicago,3.9,80.0,3.9
2024-07-15,Chicago,10.8,73.0,0.0
2024-07-16,Chicago,4.3,84.0,0.0
2024-07-17,Chicago,10.5,74.0,1.4
2024-07-18,Chicago,7.1,78.0,0.0
2024-07-19,Chicago,5.8,73.0,0.0
2024-07-20,Chicago,5.2,78.0,0.0
2024-07-21,Chicago,5.0,76.0,0.1
2024-07-22,Chicago,-2.3,95.0,0.0
2024-07-23,Chicago,2.4,79.0,0.0
2024-07-24,Chicago,5.5,84.0,0.0
2024-07-25,Chicago,2.5,89.0,0.0
2024-07-26,Chicago,-1.9,95.0,0.0
2024-07-27,Chicago,1.9,84.0,0.0
2024-07-28,Chicago,6.9,80.0,0.0
2024-07-29,Chicago,5.3,91.0,0.0
2024-07-30,Chicago,1.1,85.0,1.7
2024-07-31,Chicago,3.8,75.0,0.0
2024-08-01,Chicago,-0.4,81.0,2.5
2024-08-02,Chicago,-4.7,95.0,3.9
2024-08-03,Chicago,-2.6,86.0,0.0
2024-08-04,Chicago,4.6,79.0,0.0
2024-08-05,Chicago,-1.1,94.0,0.0
2024-08-06,Chicago,-1.3,94.0,0.0
2024-08-07,Chicago,-1.7,95.0,3.5
2024-08-08,Chicago,4.6,82.0,0.0
2024-08-09,Chicago,3.6,89.0,0.0
2024-08-10,Chicago,5.1,75.0,5.2
2024-08-11,Chicago,-2.3,91.0,0.8
2024-08-12,Chicago,-1.1,88.0,0.0
2024-08-13,Chicago,-6.8,95.0,0.0
2024-08-14,Chicago,2.0,91.0,0.0
2024-08-15,Chicago,-6.2,95.0,0.0
2024-08-16,Chicago,-2.3,95.0,0.2
2024-08-17,Chicago,-6.4,95.0,1.6
2024-08-18,Chicago,-5.1,95.0,0.0
2024-08-19,Chicago,-6.1,95.0,0.0
2024-08-20,Chicago,-5.6,95.0,2.2
2024-08-21,Chicago,-5.6,95.0,0.2
2024-08-22,Chicago,-5.8,93.0,0.0
2024-08-23,Chicago,-1.8,91.0,0.0
2024-08-24,Chicago,-7.8,95.0,14.8
2024-08-25,Chicago,-4.0,95.0,0.0
2024-08-26,Chicago,-1.2,87.0,0.0
2024-08-27,Chicago,-6.6,95.0,0.0
2024-08-28,Chicago,-7.4,95.0,19.9
2024-08-29,Chicago,-6.1,95.0,0.0
2024-08-30,Chicago,-2.0,95.0,7.5
2024-08-31,Chicago,-5.1,95.0,2.1
2024-09-01,Chicago,-7.4,95.0,0.0
2024-09-02,Chicago,-4.5,95.0,0.0
2024-09-03,Chicago,-9.4,95.0,0.8
2024-09-04,Chicago,-4.2,95.0,0.0
2024-09-05,Chicago,-5.2,95.0,0.0
2024-09-06,Chicago,-7.4,95.0,0.0
2024-09-07,Chicago,-9.2,95.0,0.0
2024-09-08,Chicago,-9.4,95.0,0.0
2024-09-09,Chicago,-5.3,94.0,0.0
2024-09-10,Chicago,-3.3,95.0,2.0
2024-09-11,Chicago,-9.0,95.0,1.9
2024-09-12,Chicago,-5.8,95.0,5.0
2024-09-13,Chicago,-13.5,95.0,0.0
2024-09-14,Chicago,-9.1,95.0,0.0
2024-09-15,Chicago,-7.5,95.0,4.5
2024-09-16,Chicago,-10.2,95.0,8.4
2024-09-17,Chicago,-10.4,95.0,0.0
2024-09-18,Chicago,-9.6,95.0,0.7
2024-09-19,Chicago,-6.8,95.0,0.0
2024-09-20,Chicago,-8.3,95.0,1.4
2024-09-21,Chicago,-14.5,95.0,0.0
2024-09-22,Chicago,-14.2,95.0,0.0
2024-09-23,Chicago,-9.7,95.0,4.6
2024-09-24,Chicago,-6.5,94.0,0.0
2024-09-25,Chicago,-16.2,95.0,2.3
2024-09-26,Chicago,-9.5,95.0,0.0
2024-09-27,Chicago,-9.6,95.0,0.0
2024-09-28,Chicago,-3.8,95.0,3.2
2024-09-29,Chicago,-9.2,95.0,0.0
2024-09-30,Chicago,-6.9,95.0,0.0
2024-10-01,Chicago,-7.6,95.0,0.6
2024-10-02,Chicago,-14.4,95.0,10.8
2024-10-03,Chicago,-5.7,95.0,0.0
2024-10-04,Chicago,-7.3,95.0,0.0
2024-10-05,Chicago,-6.4,95.0,0.0
2024-10-06,Chicago,3.9,82.0,0.0
2024-10-07,Chicago,-14.1,95.0,0.0
2024-10-08,Chicago,-2.6,95.0,0.3
2024-10-09,Chicago,-8.6,95.0,0.0
2024-10-10,Chicago,-6.9,95.0,0.0
2024-10-11,Chicago,-7.8,95.0,0.0
2024-10-12,Chicago,-8.9,95.0,0.4
2024-10-13,Chicago,-9.2,95.0,0.8
2024-10-14,Chicago,-6.5,95.0,1.8
2024-10-15,Chicago,-11.9,95.0,0.5
2024-10-16,Chicago,-5.0,95.0,12.1
2024-10-17,Chicago,-8.5,95.0,0.0
2024-10-18,Chicago,-10.5,95.0,0.0
2024-10-19,Chicago,-8.4,95.0,0.7
2024-10-20,Chicago,-3.1,95.0,0.0
2024-10-21,Chicago,-8.4,95.0,13.0
2024-10-22,Chicago,-5.6,95.0,0.9
2024-10-23,Chicago,-8.8,95.0,16.9
2024-10-24,Chicago,-4.2,95.0,0.0
2024-10-25,Chicago,-4.3,94.0,6.8
2024-10-26,Chicago,-0.6,91.0,4.0
2024-10-27,Chicago,-6.6,92.0,10.8
2024-10-28,Chicago,-3.9,95.0,0.0
2024-10-29,Chicago,-5.5,93.0,3.8
2024-10-30,Chicago,-1.7,95.0,0.0
2024-10-31,Chicago,-7.6,95.0,0.0
2024-11-01,Chicago,-3.1,95.0,0.0
2024-11-02,Chicago,-5.7,95.0,0.0
2024-11-03,Chicago,-5.2,95.0,2.3
2024-11-04,Chicago,-4.5,95.0,7.1
2024-11-05,Chicago,-3.9,85.0,0.0
2024-11-06,Chicago,-4.8,95.0,0.0
2024-11-07,Chicago,-3.6,95.0,0.0
2024-11-08,Chicago,0.7,83.0,0.0
2024-11-09,Chicago,-0.9,86.0,0.0
2024-11-10,Chicago,-1.0,95.0,0.0
2024-11-11,Chicago,-4.8,95.0,0.0
2024-11-12,Chicago,-5.9,95.0,0.0
2024-11-13,Chicago,-0.2,95.0,1.3
2024-11-14,Chicago,-0.2,92.0,0.0
2024-11-15,Chicago,1.8,82.0,12.6
2024-11-16,Chicago,-4.2,95.0,2.8
2024-11-17,Chicago,-2.8,91.0,0.0
2024-11-18,Chicago,-6.8,95.0,16.3
2024-11-19,Chicago,-2.9,95.0,2.9
2024-11-20,Chicago,1.6,90.0,3.4
2024-11-21,Chicago,-2.6,95.0,0.0
2024-11-22,Chicago,1.0,95.0,0.0
2024-11-23,Chicago,-1.3,93.0,0.0
2024-11-24,Chicago,0.5,83.0,7.2
2024-11-25,Chicago,-3.6,95.0,0.0
2024-11-26,Chicago,0.3,95.0,0.0
2024-11-27,Chicago,-8.7,95.0,2.8
2024-11-28,Chicago,0.0,88.0,0.0
2024-11-29,Chicago,-4.0,95.0,2.3
2024-11-30,Chicago,4.7,80.0,0.0
2024-12-01,Chicago,3.7,78.0,0.0
2024-12-02,Chicago,3.1,89.0,0.0
2024-12-03,Chicago,6.5,89.0,6.8
2024-12-04,Chicago,-0.6,92.0,0.0
2024-12-05,Chicago,7.7,70.0,0.0
2024-12-06,Chicago,5.6,71.0,0.0
2024-12-07,Chicago,2.3,87.0,0.0
2024-12-08,Chicago,6.8,82.0,0.0
2024-12-09,Chicago,0.3,92.0,5.6
2024-12-10,Chicago,1.5,87.0,0.0
2024-12-11,Chicago,2.4,82.0,0.0
2024-12-12,Chicago,2.9,79.0,0.0
2024-12-13,Chicago,1.6,91.0,5.0
2024-12-14,Chicago,8.8,77.0,0.0
2024-12-15,Chicago,4.6,73.0,0.0
2024-12-16,Chicago,6.8,84.0,0.0
2024-12-17,Chicago,4.3,84.0,0.0
2024-12-18,Chicago,0.8,95.0,0.0
2024-12-19,Chicago,7.4,68.0,0.0
2024-12-20,Chicago,1.2,81.0,0.0
2024-12-21,Chicago,7.0,75.0,0.0
2024-12-22,Chicago,3.4,86.0,17.1
2024-12-23,Chicago,13.8,71.0,0.0
2024-12-24,Chicago,10.9,72.0,0.0
2024-12-25,Chicago,8.8,71.0,0.0
2024-12-26,Chicago,12.6,60.0,0.0
2024-12-27,Chicago,6.5,83.0,0.0
2024-12-28,Chicago,11.0,63.0,0.0
2024-12-29,Chicago,10.3,78.0,6.1
2024-12-30,Chicago,10.8,67.0,0.0
2024-12-31,Chicago,14.1,70.0,0.0
2024-01-01,Miami,24.3,74.0,1.8
2024-01-02,Miami,24.2,70.0,0.0
2024-01-03,Miami,28.1,56.0,0.0
2024-01-04,Miami,26.7,65.0,0.0
2024-01-05,Miami,21.9,82.0,0.0
2024-01-06,Miami,26.0,60.0,0.0
2024-01-07,Miami,27.6,59.0,0.0
2024-01-08,Miami,30.3,60.0,0.0
2024-01-09,Miami,28.4,58.0,0.0
2024-01-10,Miami,28.1,60.0,0.0
2024-01-11,Miami,26.1,66.0,0.0
2024-01-12,Miami,27.2,59.0,0.0
2024-01-13,Miami,29.9,55.0,0.0
2024-01-14,Miami,22.2,79.0,4.1
2024-01-15,Miami,25.2,63.0,0.0
2024-01-16,Miami,24.0,64.0,0.0
2024-01-17,Miami,27.6,62.0,0.0
2024-01-18,Miami,30.2,63.0,0.0
2024-01-19,Miami,24.8,69.0,10.1
2024-01-20,Miami,19.5,79.0,0.0
2024-01-21,Miami,25.5,69.0,17.0
2024-01-22,Miami,29.6,52.0,0.0
2024-01-23,Miami,28.5,65.0,0.0
2024-01-24,Miami,28.3,65.0,0.0
2024-01-25,Miami,26.2,65.0,0.0
2024-01-26,Miami,23.3,78.0,0.0
2024-01-27,Miami,28.8,57.0,0.0
2024-01-28,Miami,24.8,76.0,0.0
2024-01-29,Miami,33.9,53.0,0.0
2024-01-30,Miami,29.2,60.0,0.0
2024-01-31,Miami,25.8,68.0,0.0
2024-02-01,Miami,25.8,68.0,0.0
2024-02-02,Miami,27.4,71.0,0.0
2024-02-03,Miami,27.0,61.0,0.0
2024-02-04,Miami,31.2,54.0,0.0
2024-02-05,Miami,28.5,68.0,0.0
2024-02-06,Miami,25.8,65.0,0.0
2024-02-07,Miami,33.7,57.0,0.0
2024-02-08,Miami,28.3,72.0,0.0
2024-02-09,Miami,30.5,57.0,0.0
2024-02-10,Miami,26.4,71.0,3.7
2024-02-11,Miami,29.4,55.0,0.0
2024-02-12,Miami,29.3,65.0,0.0
2024-02-13,Miami,22.8,75.0,0.0
2024-02-14,Miami,34.5,53.0,0.0
2024-02-15,Miami,32.4,52.0,1.6
2024-02-16,Miami,27.4,57.0,0.0
2024-02-17,Miami,25.4,72.0,0.0
2024-02-18,Miami,29.8,50.0,0.0
2024-02-19,Miami,29.1,60.0,0.0
2024-02-20,Miami,29.9,65.0,0.0
2024-02-21,Miami,29.5,62.0,0.0
2024-02-22,Miami,30.5,69.0,4.8
2024-02-23,Miami,33.3,58.0,0.0
2024-02-24,Miami,30.8,55.0,0.0
2024-02-25,Miami,26.0,68.0,0.0
2024-02-26,Miami,33.2,53.0,0.0
2024-02-27,Miami,34.1,44.0,0.0
2024-02-28,Miami,38.7,38.0,0.0
2024-02-29,Miami,25.9,65.0,0.0
2024-03-01,Miami,30.1,50.0,0.0
2024-03-02,Miami,23.1,74.0,0.0
2024-03-03,Miami,31.1,57.0,0.0
2024-03-04,Miami,27.8,56.0,0.0
2024-03-05,Miami,35.3,51.0,0.0
2024-03-06,Miami,27.2,69.0,3.6
2024-03-07,Miami,24.5,72.0,0.0
2024-03-08,Miami,28.2,62.0,0.0
2024-03-09,Miami,23.7,76.0,0.0
2024-03-10,Miami,31.9,60.0,0.0
2024-03-11,Miami,23.5,75.0,0.0
2024-03-12,Miami,29.8,56.0,0.0
2024-03-13,Miami,23.5,74.0,0.0
2024-03-14,Miami,28.8,68.0,0.0
2024-03-15,Miami,34.7,48.0,0.0
2024-03-16,Miami,30.9,69.0,8.7
2024-03-17,Miami,27.3,63.0,0.0
2024-03-18,Miami,29.8,61.0,0.0
2024-03-19,Miami,29.9,57.0,0.0
2024-03-20,Miami,31.3,58.0,19.6
2024-03-21,Miami,25.8,60.0,0.0
2024-03-22,Miami,31.7,54.0,0.0
2024-03-23,Miami,21.8,71.0,0.0
2024-03-24,Miami,28.1,65.0,3.7
2024-03-25,Miami,28.5,68.0,0.0
2024-03-26,Miami,31.9,59.0,0.0
2024-03-27,Miami,30.1,48.0,0.0
2024-03-28,Miami,25.8,79.0,0.0
2024-03-29,Miami,27.0,67.0,3.9
2024-03-30,Miami,30.6,55.0,0.0
2024-03-31,Miami,29.8,61.0,0.0
2024-04-01,Miami,28.3,64.0,0.0
2024-04-02,Miami,28.6,60.0,0.3
2024-04-03,Miami,32.1,57.0,0.0
2024-04-04,Miami,28.4,60.0,0.0
2024-04-05,Miami,29.7,59.0,0.0
2024-04-06,Miami,36.5,44.0,0.0
2024-04-07,Miami,25.7,61.0,0.0
2024-04-08,Miami,24.4,72.0,0.0
2024-04-09,Miami,32.3,58.0,0.0
2024-04-10,Miami,27.9,67.0,0.0
2024-04-11,Miami,29.0,66.0,0.0
2024-04-12,Miami,27.6,67.0,5.5
2024-04-13,Miami,29.1,59.0,0.0
2024-04-14,Miami,34.7,55.0,0.0
2024-04-15,Miami,32.2,49.0,0.0
2024-04-16,Miami,32.4,51.0,0.0
2024-04-17,Miami,25.5,64.0,0.0
2024-04-18,Miami,26.3,73.0,0.0
2024-04-19,Miami,21.2,82.0,0.0
2024-04-20,Miami,27.3,68.0,0.0
2024-04-21,Miami,32.6,60.0,0.0
2024-04-22,Miami,31.2,53.0,0.0
2024-04-23,Miami,29.0,64.0,0.0
2024-04-24,Miami,29.5,60.0,0.0
2024-04-25,Miami,27.5,69.0,0.0
2024-04-26,Miami,30.1,59.0,0.0
2024-04-27,Miami,31.8,55.0,0.0
2024-04-28,Miami,24.6,74.0,0.0
2024-04-29,Miami,30.3,64.0,0.0
2024-04-30,Miami,32.2,52.0,0.0
2024-05-01,Miami,28.1,64.0,4.2
2024-05-02,Miami,31.4,52.0,0.0
2024-05-03,Miami,37.7,32.0,0.0
2024-05-04,Miami,28.9,63.0,0.0
2024-05-05,Miami,30.3,62.0,0.0
2024-05-06,Miami,26.9,68.0,0.0
2024-05-07,Miami,29.6,51.0,0.0
2024-05-08,Miami,30.4,58.0,0.0
2024-05-09,Miami,29.5,50.0,0.0
2024-05-10,Miami,25.8,75.0,0.0
2024-05-11,Miami,29.4,56.0,0.0
2024-05-12,Miami,33.1,60.0,0.0
2024-05-13,Miami,30.1,65.0,0.0
2024-05-14,Miami,31.5,52.0,0.0
2024-05-15,Miami,27.9,59.0,0.0
2024-05-16,Miami,30.8,60.0,0.0
2024-05-17,Miami,29.3,57.0,0.0
2024-05-18,Miami,25.6,69.0,0.0
2024-05-19,Miami,29.3,59.0,0.0
2024-05-20,Miami,25.3,60.0,0.0
2024-05-21,Miami,26.3,56.0,0.0
2024-05-22,Miami,28.7,64.0,0.0
2024-05-23,Miami,29.0,59.0,0.0
2024-05-24,Miami,24.4,68.0,9.7
2024-05-25,Miami,31.1,61.0,0.0
2024-05-26,Miami,29.6,67.0,0.0
2024-05-27,Miami,25.7,67.0,0.0
2024-05-28,Miami,23.1,72.0,0.0
2024-05-29,Miami,27.2,68.0,0.0
2024-05-30,Miami,26.2,61.0,0.0
2024-05-31,Miami,27.8,65.0,0.0
2024-06-01,Miami,26.3,70.0,0.0
2024-06-02,Miami,21.3,81.0,0.0
2024-06-03,Miami,26.1,58.0,0.0
2024-06-04,Miami,26.3,64.0,0.0
2024-06-05,Miami,29.0,58.0,0.0
2024-06-06,Miami,25.0,71.0,0.0
2024-06-07,Miami,32.0,58.0,0.0
2024-06-08,Miami,21.2,85.0,7.3
2024-06-09,Miami,30.7,56.0,0.0
2024-06-10,Miami,26.1,65.0,0.0
2024-06-11,Miami,29.2,67.0,0.0
2024-06-12,Miami,26.8,68.0,0.0
2024-06-13,Miami,29.9,67.0,0.0
2024-06-14,Miami,25.2,71.0,0.0
2024-06-15,Miami,23.0,68.0,7.5
2024-06-16,Miami,30.5,52.0,0.0
2024-06-17,Miami,25.8,61.0,0.0
2024-06-18,Miami,26.7,70.0,0.0
2024-06-19,Miami,29.7,67.0,0.0
2024-06-20,Miami,22.8,84.0,0.0
2024-06-21,Miami,27.6,69.0,0.0
2024-06-22,Miami,24.0,78.0,0.1
2024-06-23,Miami,25.2,67.0,0.0
2024-06-24,Miami,25.8,63.0,0.0
2024-06-25,Miami,21.0,82.0,0.0
2024-06-26,Miami,23.1,76.0,0.0
2024-06-27,Miami,29.4,62.0,0.0
2024-06-28,Miami,27.9,66.0,0.0
2024-06-29,Miami,24.9,72.0,0.0
2024-06-30,Miami,25.8,75.0,0.0
2024-07-01,Miami,24.1,78.0,9.2
2024-07-02,Miami,28.9,65.0,0.0
2024-07-03,Miami,24.2,76.0,0.0
2024-07-04,Miami,25.4,72.0,1.9
2024-07-05,Miami,28.1,62.0,0.0
2024-07-06,Miami,22.2,79.0,1.1
2024-07-07,Miami,29.1,55.0,0.0
2024-07-08,Miami,19.8,86.0,0.0
2024-07-09,Miami,29.2,56.0,0.0
2024-07-10,Miami,23.1,75.0,0.0
2024-07-11,Miami,23.4,69.0,0.0
2024-07-12,Miami,18.3,86.0,0.0
2024-07-13,Miami,22.6,75.0,14.9
2024-07-14,Miami,20.7,71.0,0.0
2024-07-15,Miami,21.9,78.0,8.3
2024-07-16,Miami,23.3,71.0,0.0
2024-07-17,Miami,26.5,71.0,0.0
2024-07-18,Miami,24.1,72.0,0.0
2024-07-19,Miami,24.4,73.0,0.0
2024-07-20,Miami,20.1,75.0,0.0
2024-07-21,Miami,20.6,76.0,5.4
2024-07-22,Miami,28.6,61.0,0.0
2024-07-23,Miami,20.9,82.0,0.0
2024-07-24,Miami,28.0,72.0,17.4
2024-07-25,Miami,22.2,72.0,6.3
2024-07-26,Miami,22.9,80.0,0.0
2024-07-27,Miami,26.0,57.0,0.0
2024-07-28,Miami,26.5,61.0,0.0
2024-07-29,Miami,22.3,71.0,0.0
2024-07-30,Miami,21.4,70.0,0.0
2024-07-31,Miami,22.3,67.0,0.0
2024-08-01,Miami,23.4,75.0,0.0
2024-08-02,Miami,25.0,69.0,0.0
2024-08-03,Miami,22.3,77.0,0.0
2024-08-04,Miami,24.1,75.0,0.0
2024-08-05,Miami,27.0,67.0,0.0
2024-08-06,Miami,23.2,77.0,15.0
2024-08-07,Miami,22.9,74.0,2.4
2024-08-08,Miami,17.4,79.0,2.8
2024-08-09,Miami,14.0,95.0,0.0
2024-08-10,Miami,23.0,71.0,0.0
2024-08-11,Miami,21.4,72.0,0.0
2024-08-12,Miami,20.1,79.0,0.0
2024-08-13,Miami,22.3,71.0,0.0
2024-08-14,Miami,21.4,75.0,16.9
2024-08-15,Miami,24.9,72.0,0.0
2024-08-16,Miami,21.7,78.0,0.0
2024-08-17,Miami,19.1,77.0,0.0
2024-08-18,Miami,24.3,69.0,0.0
2024-08-19,Miami,20.6,84.0,7.6
2024-08-20,Miami,22.8,77.0,1.1
2024-08-21,Miami,19.7,91.0,0.4
2024-08-22,Miami,19.1,88.0,0.0
2024-08-23,Miami,21.3,83.0,0.0
2024-08-24,Miami,21.0,71.0,0.0
2024-08-25,Miami,22.4,79.0,0.0
2024-08-26,Miami,20.1,80.0,0.0
2024-08-27,Miami,15.3,87.0,12.3
2024-08-28,Miami,19.5,82.0,9.6
2024-08-29,Miami,23.1,79.0,0.0
2024-08-30,Miami,19.8,83.0,0.0
2024-08-31,Miami,19.9,76.0,7.6
2024-09-01,Miami,23.6,77.0,0.0
2024-09-02,Miami,18.4,80.0,0.0
2024-09-03,Miami,15.9,89.0,0.0
2024-09-04,Miami,20.0,78.0,0.0
2024-09-05,Miami,19.0,81.0,0.0
2024-09-06,Miami,17.5,89.0,0.0
2024-09-07,Miami,19.9,75.0,19.8
2024-09-08,Miami,21.8,86.0,0.8
2024-09-09,Miami,20.3,70.0,1.3
2024-09-10,Miami,21.2,75.0,1.2
2024-09-11,Miami,25.7,70.0,0.0
2024-09-12,Miami,19.2,85.0,0.0
2024-09-13,Miami,21.0,77.0,0.3
2024-09-14,Miami,18.7,82.0,0.0
2024-09-15,Miami,17.6,87.0,0.1
2024-09-16,Miami,18.4,82.0,9.0
2024-09-17,Miami,18.7,90.0,2.3
2024-09-18,Miami,21.2,82.0,0.0
2024-09-19,Miami,27.1,70.0,0.0
2024-09-20,Miami,17.9,79.0,0.0
2024-09-21,Miami,18.8,82.0,0.0
2024-09-22,Miami,19.9,79.0,0.0
2024-09-23,Miami,21.2,73.0,0.4
2024-09-24,Miami,20.8,80.0,1.4
2024-09-25,Miami,23.9,70.0,5.5
2024-09-26,Miami,12.7,95.0,0.0
2024-09-27,Miami,12.8,89.0,3.1
2024-09-28,Miami,18.5,92.0,0.0
2024-09-29,Miami,23.3,69.0,0.0
2024-09-30,Miami,15.3,90.0,0.0
2024-10-01,Miami,11.0,95.0,0.0
2024-10-02,Miami,21.7,74.0,1.6
2024-10-03,Miami,20.7,83.0,3.4
2024-10-04,Miami,16.7,80.0,0.0
2024-10-05,Miami,17.1,93.0,0.0
2024-10-06,Miami,17.1,86.0,3.5
2024-10-07,Miami,20.4,76.0,0.8
2024-10-08,Miami,18.2,82.0,0.0
2024-10-09,Miami,21.5,81.0,2.0
2024-10-10,Miami,11.5,94.0,0.0
2024-10-11,Miami,17.5,81.0,0.0
2024-10-12,Miami,16.7,85.0,0.0
2024-10-13,Miami,19.4,75.0,7.2
2024-10-14,Miami,18.5,92.0,6.2
2024-10-15,Miami,22.6,72.0,0.0
2024-10-16,Miami,14.6,95.0,0.0
2024-10-17,Miami,20.4,80.0,0.0
2024-10-18,Miami,21.9,71.0,0.0
2024-10-19,Miami,25.8,68.0,0.0
2024-10-20,Miami,18.9,86.0,2.0
2024-10-21,Miami,21.3,76.0,1.0
2024-10-22,Miami,15.0,95.0,0.0
2024-10-23,Miami,13.2,95.0,0.8
2024-10-24,Miami,23.0,79.0,2.2
2024-10-25,Miami,20.4,77.0,0.0
2024-10-26,Miami,24.0,67.0,0.0
2024-10-27,Miami,16.4,84.0,0.0
2024-10-28,Miami,22.1,77.0,0.0
2024-10-29,Miami,26.2,70.0,4.1
2024-10-30,Miami,21.9,65.0,0.0
2024-10-31,Miami,21.5,77.0,0.4
2024-11-01,Miami,20.8,79.0,0.0
2024-11-02,Miami,16.1,86.0,0.0
2024-11-03,Miami,24.9,77.0,6.1
2024-11-04,Miami,19.1,84.0,0.0
2024-11-05,Miami,22.5,82.0,1.6
2024-11-06,Miami,16.3,86.0,0.0
2024-11-07,Miami,17.5,90.0,4.2
2024-11-08,Miami,25.4,77.0,0.0
2024-11-09,Miami,20.1,86.0,0.0
2024-11-10,Miami,25.6,63.0,0.0
2024-11-11,Miami,21.0,77.0,0.0
2024-11-12,Miami,15.8,87.0,0.0
2024-11-13,Miami,24.1,74.0,2.6
2024-11-14,Miami,19.7,84.0,0.0
2024-11-15,Miami,23.6,69.0,0.0
2024-11-16,Miami,21.6,77.0,1.1
2024-11-17,Miami,17.0,76.0,0.0
2024-11-18,Miami,22.2,83.0,3.0
2024-11-19,Miami,28.3,61.0,0.0
2024-11-20,Miami,23.3,74.0,2.4
2024-11-21,Miami,21.7,75.0,0.0
2024-11-22,Miami,25.2,75.0,0.0
2024-11-23,Miami,22.7,60.0,0.0
2024-11-24,Miami,22.7,74.0,0.0
2024-11-25,Miami,18.9,82.0,0.0
2024-11-26,Miami,22.9,72.0,0.0
2024-11-27,Miami,25.4,78.0,4.4
2024-11-28,Miami,19.9,76.0,0.0
2024-11-29,Miami,26.7,70.0,0.0
2024-11-30,Miami,22.3,77.0,0.0
2024-12-01,Miami,19.9,86.0,0.0
2024-12-02,Miami,25.7,65.0,0.0
2024-12-03,Miami,21.9,73.0,0.0
2024-12-04,Miami,25.1,75.0,0.0
2024-12-05,Miami,22.0,78.0,3.8
2024-12-06,Miami,22.8,67.0,0.0
2024-12-07,Miami,24.6,68.0,0.0
2024-12-08,Miami,24.0,74.0,0.0
2024-12-09,Miami,17.2,90.0,0.0
2024-12-10,Miami,19.9,77.0,1.4
2024-12-11,Miami,26.2,53.0,0.0
2024-12-12,Miami,23.1,76.0,0.0
2024-12-13,Miami,22.0,70.0,6.5
2024-12-14,Miami,19.6,71.0,0.0
2024-12-15,Miami,20.5,65.0,0.0
2024-12-16,Miami,17.7,89.0,3.5
2024-12-17,Miami,23.6,73.0,6.5
2024-12-18,Miami,22.2,75.0,0.0
2024-12-19,Miami,21.2,85.0,0.0
2024-12-20,Miami,23.9,75.0,0.0
2024-12-21,Miami,25.3,77.0,0.0
2024-12-22,Miami,30.6,52.0,0.0
2024-12-23,Miami,19.9,80.0,0.9
2024-12-24,Miami,28.0,56.0,0.0
2024-12-25,Miami,27.5,64.0,0.0
2024-12-26,Miami,22.3,74.0,4.1
2024-12-27,Miami,25.4,72.0,0.0
2024-12-28,Miami,23.5,73.0,0.0
2024-12-29,Miami,25.5,72.0,0.0
2024-12-30,Miami,29.5,64.0,0.0
2024-12-31,Miami,26.9,77.0,3.7
2024-01-01,Seattle,7.0,77.0,7.4
2024-01-02,Seattle,15.0,67.0,0.0
2024-01-03,Seattle,12.1,70.0,0.0
2024-01-04,Seattle,14.2,65.0,0.0
2024-01-05,Seattle,11.6,63.0,0.0
2024-01-06,Seattle,9.5,71.0,2.1
2024-01-07,Seattle,14.5,68.0,0.0
2024-01-08,Seattle,14.3,64.0,0.6
2024-01-09,Seattle,15.5,64.0,0.0
2024-01-10,Seattle,12.7,75.0,0.0
2024-01-11,Seattle,11.1,75.0,2.2
2024-01-12,Seattle,8.4,76.0,0.0
2024-01-13,Seattle,15.7,58.0,2.3
2024-01-14,Seattle,14.7,50.0,0.0
2024-01-15,Seattle,10.7,70.0,0.0
2024-01-16,Seattle,12.1,66.0,0.0
2024-01-17,Seattle,12.5,69.0,0.0
2024-01-18,Seattle,9.6,72.0,0.0
2024-01-19,Seattle,11.8,67.0,0.0
2024-01-20,Seattle,11.0,61.0,0.0
2024-01-21,Seattle,13.3,61.0,13.4
2024-01-22,Seattle,12.5,69.0,1.6
2024-01-23,Seattle,10.0,81.0,0.0
2024-01-24,Seattle,21.1,49.0,0.0
2024-01-25,Seattle,18.9,56.0,0.0
2024-01-26,Seattle,13.0,71.0,0.0
2024-01-27,Seattle,16.3,55.0,0.0
2024-01-28,Seattle,16.9,60.0,3.8
2024-01-29,Seattle,19.4,50.0,0.0
2024-01-30,Seattle,13.5,69.0,0.0
2024-01-31,Seattle,19.4,54.0,0.0
2024-02-01,Seattle,14.6,64.0,0.0
2024-02-02,Seattle,12.4,63.0,10.6
2024-02-03,Seattle,18.7,58.0,0.0
2024-02-04,Seattle,20.5,61.0,0.0
2024-02-05,Seattle,24.6,38.0,0.0
2024-02-06,Seattle,13.3,64.0,0.0
2024-02-07,Seattle,19.2,55.0,0.0
2024-02-08,Seattle,16.0,64.0,0.0
2024-02-09,Seattle,19.7,50.0,0.0
2024-02-10,Seattle,13.1,52.0,0.0
2024-02-11,Seattle,13.8,71.0,0.0
2024-02-12,Seattle,15.4,65.0,0.0
2024-02-13,Seattle,18.1,47.0,0.0
2024-02-14,Seattle,16.1,57.0,0.0
2024-02-15,Seattle,20.1,60.0,0.0
2024-02-16,Seattle,21.3,57.0,0.0
2024-02-17,Seattle,20.2,56.0,0.0
2024-02-18,Seattle,23.3,44.0,0.0
2024-02-19,Seattle,19.8,53.0,0.0
2024-02-20,Seattle,15.0,61.0,0.0
2024-02-21,Seattle,22.9,52.0,0.0
2024-02-22,Seattle,17.1,53.0,0.0
2024-02-23,Seattle,21.7,44.0,0.0
2024-02-24,Seattle,23.8,49.0,0.0
2024-02-25,Seattle,20.6,51.0,0.0
2024-02-26,Seattle,14.8,69.0,0.0
2024-02-27,Seattle,16.7,55.0,0.0
2024-02-28,Seattle,23.5,45.0,0.0
2024-02-29,Seattle,19.1,49.0,0.0
2024-03-01,Seattle,19.9,52.0,0.0
2024-03-02,Seattle,22.0,41.0,0.0
2024-03-03,Seattle,21.9,46.0,0.0
2024-03-04,Seattle,20.8,43.0,0.0
2024-03-05,Seattle,19.4,57.0,0.0
2024-03-06,Seattle,19.1,57.0,0.0
2024-03-07,Seattle,22.7,38.0,0.0
2024-03-08,Seattle,21.9,55.0,0.0
2024-03-09,Seattle,19.5,65.0,0.0
2024-03-10,Seattle,23.6,45.0,0.0
2024-03-11,Seattle,20.0,49.0,0.0
2024-03-12,Seattle,17.9,70.0,0.0
2024-03-13,Seattle,18.2,49.0,0.0
2024-03-14,Seattle,17.6,57.0,5.8
2024-03-15,Seattle,19.8,53.0,0.0
2024-03-16,Seattle,24.4,50.0,0.0
2024-03-17,Seattle,18.3,57.0,4.2
2024-03-18,Seattle,21.3,47.0,0.0
2024-03-19,Seattle,18.8,50.0,0.0
2024-03-20,Seattle,20.0,50.0,0.0
2024-03-21,Seattle,16.3,54.0,0.0
2024-03-22,Seattle,20.2,52.0,0.0
2024-03-23,Seattle,20.3,49.0,0.0
2024-03-24,Seattle,22.5,39.0,0.0
2024-03-25,Seattle,21.6,55.0,0.0
2024-03-26,Seattle,17.4,55.0,0.0
2024-03-27,Seattle,24.2,37.0,0.0
2024-03-28,Seattle,21.6,48.0,0.0
2024-03-29,Seattle,21.6,49.0,0.0
2024-03-30,Seattle,21.0,41.0,0.0
2024-03-31,Seattle,19.4,55.0,0.0
2024-04-01,Seattle,21.7,43.0,0.0
2024-04-02,Seattle,22.4,56.0,0.0
2024-04-03,Seattle,15.7,63.0,0.0
2024-04-04,Seattle,19.4,51.0,0.0
2024-04-05,Seattle,20.2,48.0,0.0
2024-04-06,Seattle,21.7,48.0,0.0
2024-04-07,Seattle,24.5,46.0,0.0
2024-04-08,Seattle,18.6,55.0,8.7
2024-04-09,Seattle,19.4,52.0,0.0
2024-04-10,Seattle,19.3,54.0,0.0
2024-04-11,Seattle,18.4,52.0,0.0
2024-04-12,Seattle,19.8,51.0,0.0
2024-04-13,Seattle,23.1,35.0,0.0
2024-04-14,Seattle,17.6,62.0,0.0
2024-04-15,Seattle,22.0,50.0,0.0
2024-04-16,Seattle,15.5,57.0,0.0
2024-04-17,Seattle,18.9,64.0,0.0
2024-04-18,Seattle,19.5,53.0,0.0
2024-04-19,Seattle,25.5,36.0,0.0
2024-04-20,Seattle,19.6,57.0,0.0
2024-04-21,Seattle,13.8,66.0,0.0
2024-04-22,Seattle,14.3,65.0,0.0
2024-04-23,Seattle,20.3,49.0,0.0
2024-04-24,Seattle,22.0,50.0,0.0
2024-04-25,Seattle,21.2,48.0,0.0
2024-04-26,Seattle,20.5,54.0,0.0
2024-04-27,Seattle,23.4,36.0,0.0
2024-04-28,Seattle,18.3,53.0,0.0
2024-04-29,Seattle,22.5,56.0,0.0
2024-04-30,Seattle,14.8,59.0,0.0
2024-05-01,Seattle,16.9,55.0,0.0
2024-05-02,Seattle,14.1,62.0,0.7
2024-05-03,Seattle,18.6,49.0,0.0
2024-05-04,Seattle,19.2,43.0,0.0
2024-05-05,Seattle,19.6,52.0,0.0
2024-05-06,Seattle,19.4,54.0,0.0
2024-05-07,Seattle,16.3,59.0,0.0
2024-05-08,Seattle,18.4,54.0,0.0
2024-05-09,Seattle,14.4,63.0,0.0
2024-05-10,Seattle,22.8,51.0,0.0
2024-05-11,Seattle,17.7,56.0,0.0
2024-05-12,Seattle,17.1,55.0,0.0
2024-05-13,Seattle,23.2,44.0,0.0
2024-05-14,Seattle,14.6,66.0,0.0
2024-05-15,Seattle,14.8,69.0,0.0
2024-05-16,Seattle,14.8,59.0,0.0
2024-05-17,Seattle,17.7,57.0,0.0
2024-05-18,Seattle,19.1,55.0,0.0
2024-05-19,Seattle,19.9,47.0,0.0
2024-05-20,Seattle,25.3,42.0,0.0
2024-05-21,Seattle,10.7,63.0,0.0
2024-05-22,Seattle,19.1,45.0,0.0
2024-05-23,Seattle,15.5,63.0,2.7
2024-05-24,Seattle,15.3,60.0,0.0
2024-05-25,Seattle,15.0,63.0,0.0
2024-05-26,Seattle,14.0,64.0,0.0
2024-05-27,Seattle,21.6,44.0,0.0
2024-05-28,Seattle,19.0,54.0,4.7
2024-05-29,Seattle,16.4,53.0,0.0
2024-05-30,Seattle,20.2,59.0,0.0
2024-05-31,Seattle,11.5,62.0,0.0
2024-06-01,Seattle,11.9,67.0,1.9
2024-06-02,Seattle,9.2,68.0,0.0
2024-06-03,Seattle,13.5,68.0,0.0
2024-06-04,Seattle,15.9,59.0,0.0
2024-06-05,Seattle,15.6,58.0,0.0
2024-06-06,Seattle,15.5,65.0,0.0
2024-06-07,Seattle,10.7,71.0,0.0
2024-06-08,Seattle,17.2,60.0,0.0
2024-06-09,Seattle,15.3,56.0,0.3
2024-06-10,Seattle,16.7,52.0,0.0
2024-06-11,Seattle,8.6,75.0,0.0
2024-06-12,Seattle,15.1,60.0,0.0
2024-06-13,Seattle,10.4,74.0,4.4
2024-06-14,Seattle,12.6,66.0,0.0
2024-06-15,Seattle,15.2,63.0,0.0
2024-06-16,Seattle,13.7,56.0,0.0
2024-06-17,Seattle,10.7,80.0,0.0
2024-06-18,Seattle,13.2,65.0,1.1
2024-06-19,Seattle,8.4,79.0,2.9
2024-06-20,Seattle,16.2,55.0,0.0
2024-06-21,Seattle,12.0,70.0,8.5
2024-06-22,Seattle,15.8,54.0,0.0
2024-06-23,Seattle,10.7,73.0,0.0
2024-06-24,Seattle,10.5,69.0,0.0
2024-06-25,Seattle,9.7,73.0,0.0
2024-06-26,Seattle,14.4,67.0,4.6
2024-06-27,Seattle,9.5,67.0,0.0
2024-06-28,Seattle,13.4,62.0,0.0
2024-06-29,Seattle,10.1,74.0,0.0
2024-06-30,Seattle,5.2,92.0,7.4
2024-07-01,Seattle,9.2,73.0,0.0
2024-07-02,Seattle,7.2,81.0,0.0
2024-07-03,Seattle,10.7,70.0,18.2
2024-07-04,Seattle,6.8,88.0,0.0
2024-07-05,Seattle,13.0,57.0,0.0
2024-07-06,Seattle,9.8,73.0,0.0
2024-07-07,Seattle,9.4,65.0,0.0
2024-07-08,Seattle,11.7,56.0,0.0
2024-07-09,Seattle,12.4,69.0,0.9
2024-07-10,Seattle,9.3,74.0,0.0
2024-07-11,Seattle,6.9,77.0,1.7
2024-07-12,Seattle,3.7,84.0,0.0
2024-07-13,Seattle,6.8,94.0,0.6
2024-07-14,Seattle,6.8,77.0,0.0
2024-07-15,Seattle,8.9,77.0,0.0
2024-07-16,Seattle,7.3,74.0,0.0
2024-07-17,Seattle,10.3,73.0,0.0
2024-07-18,Seattle,6.2,78.0,13.6
2024-07-19,Seattle,7.7,75.0,0.0
2024-07-20,Seattle,11.3,79.0,0.0
2024-07-21,Seattle,8.6,81.0,0.0
2024-07-22,Seattle,7.2,78.0,0.0
2024-07-23,Seattle,5.4,70.0,0.0
2024-07-24,Seattle,5.2,80.0,0.0
2024-07-25,Seattle,4.4,95.0,5.7
2024-07-26,Seattle,5.1,81.0,0.0
2024-07-27,Seattle,8.9,80.0,0.0
2024-07-28,Seattle,5.8,88.0,0.0
2024-07-29,Seattle,2.2,89.0,3.9
2024-07-30,Seattle,11.4,65.0,0.0
2024-07-31,Seattle,6.9,66.0,0.0
2024-08-01,Seattle,1.6,92.0,6.1
2024-08-02,Seattle,4.4,79.0,0.0
2024-08-03,Seattle,5.9,81.0,0.0
2024-08-04,Seattle,10.5,65.0,0.0
2024-08-05,Seattle,1.9,87.0,0.0
2024-08-06,Seattle,8.1,76.0,0.0
2024-08-07,Seattle,9.2,75.0,12.7
2024-08-08,Seattle,3.0,81.0,0.0
2024-08-09,Seattle,3.9,90.0,1.5
2024-08-10,Seattle,1.5,86.0,0.0
2024-08-11,Seattle,3.8,76.0,0.0
2024-08-12,Seattle,4.2,83.0,0.0
2024-08-13,Seattle,6.2,80.0,0.0
2024-08-14,Seattle,7.3,78.0,7.9
2024-08-15,Seattle,1.7,95.0,0.0
2024-08-16,Seattle,-2.1,95.0,0.0
2024-08-17,Seattle,3.6,84.0,2.4
2024-08-18,Seattle,4.5,78.0,0.0
2024-08-19,Seattle,4.2,88.0,0.0
2024-08-20,Seattle,2.4,88.0,0.0
2024-08-21,Seattle,3.6,83.0,0.7
2024-08-22,Seattle,7.7,67.0,0.0
2024-08-23,Seattle,4.2,91.0,3.3
2024-08-24,Seattle,1.8,82.0,2.4
2024-08-25,Seattle,1.3,86.0,2.3
2024-08-26,Seattle,2.2,89.0,0.3
2024-08-27,Seattle,7.6,71.0,5.8
2024-08-28,Seattle,2.0,81.0,0.0
2024-08-29,Seattle,2.4,77.0,0.0
2024-08-30,Seattle,0.9,94.0,8.5
2024-08-31,Seattle,5.6,78.0,8.1
2024-09-01,Seattle,8.1,90.0,0.0
2024-09-02,Seattle,3.5,80.0,0.0
2024-09-03,Seattle,2.3,83.0,5.1
2024-09-04,Seattle,2.1,85.0,1.7
2024-09-05,Seattle,-5.3,95.0,1.3
2024-09-06,Seattle,4.1,82.0,6.6
2024-09-07,Seattle,2.2,91.0,0.2
2024-09-08,Seattle,3.0,81.0,0.0
2024-09-09,Seattle,-0.5,86.0,0.0
2024-09-10,Seattle,0.4,82.0,0.0
2024-09-11,Seattle,0.3,80.0,0.4
2024-09-12,Seattle,4.5,80.0,0.0
2024-09-13,Seattle,0.3,90.0,0.0
2024-09-14,Seattle,7.6,74.0,0.0
2024-09-15,Seattle,2.6,93.0,1.4
2024-09-16,Seattle,-2.5,95.0,13.8
2024-09-17,Seattle,0.9,89.0,0.0
2024-09-18,Seattle,-0.8,85.0,0.0
2024-09-19,Seattle,-5.4,95.0,0.0
2024-09-20,Seattle,5.9,77.0,0.0
2024-09-21,Seattle,3.2,82.0,0.0
2024-09-22,Seattle,2.7,83.0,0.0
2024-09-23,Seattle,1.6,86.0,0.0
2024-09-24,Seattle,-3.1,95.0,1.9
2024-09-25,Seattle,-0.4,90.0,5.7
2024-09-26,Seattle,3.5,86.0,0.0
2024-09-27,Seattle,-2.1,95.0,4.3
2024-09-28,Seattle,-6.6,95.0,0.0
2024-09-29,Seattle,0.3,95.0,1.1
2024-09-30,Seattle,0.6,86.0,0.0
2024-10-01,Seattle,1.4,81.0,0.0
2024-10-02,Seattle,3.2,88.0,0.0
2024-10-03,Seattle,2.9,82.0,0.0
2024-10-04,Seattle,1.8,90.0,0.0
2024-10-05,Seattle,4.6,71.0,0.0
2024-10-06,Seattle,-3.5,95.0,0.3
2024-10-07,Seattle,2.6,90.0,1.8
2024-10-08,Seattle,3.0,79.0,0.0
2024-10-09,Seattle,-2.6,90.0,0.0
2024-10-10,Seattle,-3.4,95.0,0.0
2024-10-11,Seattle,-1.1,90.0,0.0
2024-10-12,Seattle,-0.8,89.0,0.0
2024-10-13,Seattle,3.5,74.0,2.4
2024-10-14,Seattle,-0.5,91.0,3.5
2024-10-15,Seattle,-1.2,93.0,4.1
2024-10-16,Seattle,-0.4,95.0,0.0
2024-10-17,Seattle,4.8,75.0,0.0
2024-10-18,Seattle,1.5,81.0,6.6
2024-10-19,Seattle,1.0,92.0,0.0
2024-10-20,Seattle,1.3,94.0,1.1
2024-10-21,Seattle,5.5,73.0,0.0
2024-10-22,Seattle,-0.5,95.0,11.4
2024-10-23,Seattle,5.7,81.0,2.2
2024-10-24,Seattle,2.5,92.0,4.0
2024-10-25,Seattle,1.4,89.0,2.2
2024-10-26,Seattle,9.5,60.0,0.0
2024-10-27,Seattle,-1.1,93.0,4.4
2024-10-28,Seattle,1.1,95.0,0.0
2024-10-29,Seattle,-1.5,90.0,1.1
2024-10-30,Seattle,5.2,80.0,0.0
2024-10-31,Seattle,7.5,76.0,8.0
2024-11-01,Seattle,7.5,62.0,0.0
2024-11-02,Seattle,6.3,88.0,0.5
2024-11-03,Seattle,2.1,83.0,4.0
2024-11-04,Seattle,1.7,91.0,0.0
2024-11-05,Seattle,-2.1,95.0,7.9
2024-11-06,Seattle,9.1,80.0,0.0
2024-11-07,Seattle,4.5,85.0,0.0
2024-11-08,Seattle,1.7,87.0,0.0
2024-11-09,Seattle,7.3,73.0,0.0
2024-11-10,Seattle,0.5,95.0,0.0
2024-11-11,Seattle,4.8,73.0,0.0
2024-11-12,Seattle,3.1,89.0,0.0
2024-11-13,Seattle,5.7,75.0,5.5
2024-11-14,Seattle,3.7,91.0,1.2
2024-11-15,Seattle,-0.3,94.0,0.0
2024-11-16,Seattle,4.4,87.0,0.0
2024-11-17,Seattle,7.4,78.0,0.0
2024-11-18,Seattle,4.3,75.0,12.7
2024-11-19,Seattle,6.8,74.0,0.0
2024-11-20,Seattle,1.5,92.0,0.1
2024-11-21,Seattle,4.7,83.0,0.0
2024-11-22,Seattle,3.0,92.0,2.7
2024-11-23,Seattle,7.3,79.0,0.0
2024-11-24,Seattle,5.3,77.0,1.5
2024-11-25,Seattle,7.4,73.0,0.0
2024-11-26,Seattle,8.7,75.0,0.0
2024-11-27,Seattle,7.7,65.0,0.0
2024-11-28,Seattle,6.6,87.0,0.0
2024-11-29,Seattle,2.9,88.0,0.0
2024-11-30,Seattle,6.1,86.0,0.0
2024-12-01,Seattle,4.6,75.0,0.0
2024-12-02,Seattle,5.3,88.0,8.5
2024-12-03,Seattle,5.4,92.0,0.0
2024-12-04,Seattle,3.7,78.0,0.0
2024-12-05,Seattle,1.0,94.0,2.3
2024-12-06,Seattle,5.0,82.0,4.7
2024-12-07,Seattle,7.7,69.0,0.0
2024-12-08,Seattle,3.3,88.0,2.1
2024-12-09,Seattle,7.5,81.0,0.0
2024-12-10,Seattle,13.3,62.0,0.0
2024-12-11,Seattle,10.9,76.0,0.0
2024-12-12,Seattle,12.9,58.0,0.0
2024-12-13,Seattle,9.3,66.0,0.0
2024-12-14,Seattle,11.8,69.0,0.0
2024-12-15,Seattle,6.3,80.0,0.0
2024-12-16,Seattle,6.7,75.0,0.0
2024-12-17,Seattle,0.6,95.0,0.1
2024-12-18,Seattle,12.5,70.0,2.0
2024-12-19,Seattle,13.7,69.0,0.0
2024-12-20,Seattle,7.6,76.0,0.0
2024-12-21,Seattle,8.7,78.0,2.0
2024-12-22,Seattle,7.4,75.0,4.4
2024-12-23,Seattle,10.9,80.0,0.0
2024-12-24,Seattle,13.3,61.0,0.0
2024-12-25,Seattle,4.9,93.0,0.0
2024-12-26,Seattle,11.5,69.0,0.4
2024-12-27,Seattle,9.7,66.0,3.6
2024-12-28,Seattle,11.0,77.0,0.0
2024-12-29,Seattle,12.2,68.0,0.0
2024-12-30,Seattle,10.4,75.0,0.0
2024-12-31,Seattle,10.9,76.0,0.0
